{
  "flags": [
    "low_confidence",
    "confusable_chars"
  ],
  "plate_candidates": [
    {
      "text": "5ขภ6828",
      "score": 2.3884172074628895,
      "avg_conf": 0.5971043018657224,
      "count": 4,
      "consensus_ratio": 0.6666666666666666
    },
    {
      "text": "5ขก6828",
      "score": 0.40525185013612347,
      "avg_conf": 0.40525185013612347,
      "count": 1,
      "consensus_ratio": 0.16666666666666666
    },
    {
      "text": "50ภ6828",
      "score": 0.12589668071245114,
      "avg_conf": 0.12589668071245114,
      "count": 1,
      "consensus_ratio": 0.16666666666666666
    }
  ],
  "province_candidates": [
    {
      "name": "กระบี่",
      "score": 77.14285714285715
    },
    {
      "name": "พระนครศรีอยุธยา",
      "score": 65.45454545454547
    }
  ]
}