{
  "flags": [
    "low_confidence",
    "confusable_chars"
  ],
  "plate_candidates": [
    {
      "text": "3ขฝ9260",
      "score": 2.8851008978764057,
      "avg_conf": 0.5770201795752812,
      "count": 5,
      "consensus_ratio": 0.8333333333333334
    },
    {
      "text": "3ขผ9260",
      "score": 0.6284361390582122,
      "avg_conf": 0.6284361390582122,
      "count": 1,
      "consensus_ratio": 0.16666666666666666
    }
  ],
  "province_candidates": [
    {
      "name": "กรุงเทพมหานคร",
      "score": 83.33333333333334
    }
  ]
}