{
  "flags": [
    "low_confidence",
    "low_consensus",
    "confusable_chars"
  ],
  "plate_candidates": [
    {
      "text": "5ขก8578",
      "score": 0.5463791827993433,
      "avg_conf": 0.5463791827993433,
      "count": 1,
      "consensus_ratio": 0.16666666666666666
    },
    {
      "text": "5ขณ8578",
      "score": 0.4579623343197898,
      "avg_conf": 0.4579623343197898,
      "count": 1,
      "consensus_ratio": 0.16666666666666666
    },
    {
      "text": "5ขญ8578",
      "score": 0.44233830296349425,
      "avg_conf": 0.44233830296349425,
      "count": 1,
      "consensus_ratio": 0.16666666666666666
    }
  ],
  "province_candidates": [
    {
      "name": "กรุงเทพมหานคร",
      "score": 72.72727272727273
    },
    {
      "name": "พระนครศรีอยุธยา",
      "score": 65.45454545454547
    }
  ]
}