{
  "flags": [
    "low_confidence",
    "low_consensus",
    "tight_margin"
  ],
  "plate_candidates": [
    {
      "text": "กนะ936",
      "score": 0.4519891739977289,
      "avg_conf": 0.4519891739977289,
      "count": 1,
      "consensus_ratio": 0.16666666666666666
    },
    {
      "text": "ถนะ936",
      "score": 0.4210567712814272,
      "avg_conf": 0.4210567712814272,
      "count": 1,
      "consensus_ratio": 0.16666666666666666
    },
    {
      "text": "กนะ1936",
      "score": 0.36351515872201084,
      "avg_conf": 0.18175757936100542,
      "count": 2,
      "consensus_ratio": 0.3333333333333333
    }
  ],
  "province_candidates": [
    {
      "name": "ระนอง",
      "score": 72.0
    },
    {
      "name": "ระยอง",
      "score": 72.0
    }
  ]
}