{
  "flags": [
    "low_confidence",
    "low_consensus",
    "confusable_chars"
  ],
  "plate_candidates": [
    {
      "text": "1ข9155",
      "score": 1.5062732626888389,
      "avg_conf": 0.7531366313444194,
      "count": 2,
      "consensus_ratio": 0.3333333333333333
    },
    {
      "text": "1ขด9155",
      "score": 0.5397033093762538,
      "avg_conf": 0.5397033093762538,
      "count": 1,
      "consensus_ratio": 0.16666666666666666
    },
    {
      "text": "เขต9155",
      "score": 0.25867236062027327,
      "avg_conf": 0.25867236062027327,
      "count": 1,
      "consensus_ratio": 0.16666666666666666
    }
  ],
  "province_candidates": [
    {
      "name": "กระบี่",
      "score": 77.14285714285715
    },
    {
      "name": "กรุงเทพมหานคร",
      "score": 72.0
    }
  ]
}