{
  "flags": [
    "low_confidence",
    "confusable_chars",
    "tight_margin"
  ],
  "plate_candidates": [
    {
      "text": "ฆก8806",
      "score": 4.7973506977635605,
      "avg_conf": 0.899378376046133,
      "count": 4,
      "consensus_ratio": 0.5714285714285714
    },
    {
      "text": "มก8806",
      "score": 4.747350697763561,
      "avg_conf": 0.891378376046133,
      "count": 4,
      "consensus_ratio": 0.5714285714285714
    },
    {
      "text": "ผก8806",
      "score": 4.59735069776356,
      "avg_conf": 0.867378376046133,
      "count": 4,
      "consensus_ratio": 0.5714285714285714
    }
  ],
  "province_candidates": [
    {
      "name": "แพร่",
      "score": 72.0
    },
    {
      "name": "สมุทรปราการ",
      "score": 65.45454545454547
    }
  ]
}