{
  "flags": [
    "confusable_chars"
  ],
  "plate_candidates": [
    {
      "text": "3ขบ8019",
      "score": 3.605338987172544,
      "avg_conf": 0.901334746793136,
      "count": 4,
      "consensus_ratio": 0.6666666666666666
    },
    {
      "text": "3ข18019",
      "score": 0.7904699285545802,
      "avg_conf": 0.3952349642772901,
      "count": 2,
      "consensus_ratio": 0.3333333333333333
    }
  ],
  "province_candidates": [
    {
      "name": "กรุงเทพมหานคร",
      "score": 100.0
    }
  ]
}