{
  "flags": [
    "low_confidence",
    "low_consensus",
    "tight_margin"
  ],
  "plate_candidates": [
    {
      "text": "บ854",
      "score": 0.5826408297388663,
      "avg_conf": 0.5826408297388663,
      "count": 1,
      "consensus_ratio": 0.16666666666666666
    },
    {
      "text": "ป854",
      "score": 0.5426408297388664,
      "avg_conf": 0.5426408297388664,
      "count": 1,
      "consensus_ratio": 0.16666666666666666
    },
    {
      "text": "ป1854",
      "score": 0.46291369004154154,
      "avg_conf": 0.46291369004154154,
      "count": 1,
      "consensus_ratio": 0.16666666666666666
    }
  ],
  "province_candidates": [
    {
      "name": "กรุงเทพมหานคร",
      "score": 83.33333333333334
    },
    {
      "name": "พังงา",
      "score": 66.66666666666667
    }
  ]
}