{
  "flags": [
    "low_confidence",
    "low_consensus",
    "tight_margin"
  ],
  "plate_candidates": [
    {
      "text": "9กท9970",
      "score": 1.333052803311765,
      "avg_conf": 0.6665264016558825,
      "count": 2,
      "consensus_ratio": 0.3333333333333333
    },
    {
      "text": "9ก19970",
      "score": 1.1725204841532193,
      "avg_conf": 0.3908401613844064,
      "count": 3,
      "consensus_ratio": 0.5
    },
    {
      "text": "ด9กท9970",
      "score": 0.22958410892411146,
      "avg_conf": 0.22958410892411146,
      "count": 1,
      "consensus_ratio": 0.16666666666666666
    }
  ],
  "province_candidates": [
    {
      "name": "ราชบุรี",
      "score": 80.0
    },
    {
      "name": "เพชรบุรี",
      "score": 66.66666666666667
    }
  ]
}