{
  "flags": [
    "low_confidence",
    "low_consensus"
  ],
  "plate_candidates": [
    {
      "text": "7ก15888",
      "score": 0.4249331084421768,
      "avg_conf": 0.2124665542210884,
      "count": 2,
      "consensus_ratio": 0.3333333333333333
    },
    {
      "text": "7กม5888",
      "score": 0.3405058623423654,
      "avg_conf": 0.3405058623423654,
      "count": 1,
      "consensus_ratio": 0.16666666666666666
    },
    {
      "text": "7กท5888",
      "score": 0.2772711561627446,
      "avg_conf": 0.2772711561627446,
      "count": 1,
      "consensus_ratio": 0.16666666666666666
    }
  ],
  "province_candidates": [
    {
      "name": "กรุงเทพมหานคร",
      "score": 75.00000000000001
    },
    {
      "name": "แพร่",
      "score": 66.66666666666667
    }
  ]
}