{
  "flags": [
    "low_confidence",
    "low_consensus"
  ],
  "plate_candidates": [
    {
      "text": "10ท8126",
      "score": 0.4274721330358688,
      "avg_conf": 0.2137360665179344,
      "count": 2,
      "consensus_ratio": 0.3333333333333333
    },
    {
      "text": "108126",
      "score": 0.2768098472370057,
      "avg_conf": 0.2768098472370057,
      "count": 1,
      "consensus_ratio": 0.16666666666666666
    },
    {
      "text": "1018126",
      "score": 0.2409253092095887,
      "avg_conf": 0.2409253092095887,
      "count": 1,
      "consensus_ratio": 0.16666666666666666
    }
  ],
  "province_candidates": []
}