{
  "flags": [
    "low_confidence",
    "low_consensus",
    "tight_margin"
  ],
  "plate_candidates": [
    {
      "text": "ฎฅ134",
      "score": 2.1687996329866017,
      "avg_conf": 0.9932277142274375,
      "count": 2,
      "consensus_ratio": 0.3333333333333333
    },
    {
      "text": "ฎค134",
      "score": 2.0887996329866017,
      "avg_conf": 0.9732277142274375,
      "count": 2,
      "consensus_ratio": 0.3333333333333333
    },
    {
      "text": "ภฅ134",
      "score": 0.8401386344172528,
      "avg_conf": 0.8401386344172528,
      "count": 1,
      "consensus_ratio": 0.16666666666666666
    }
  ],
  "province_candidates": [
    {
      "name": "ตาก",
      "score": 80.0
    },
    {
      "name": "พระนครศรีอยุธยา",
      "score": 72.0
    }
  ]
}