{
  "flags": [
    "low_confidence",
    "low_consensus",
    "confusable_chars"
  ],
  "plate_candidates": [
    {
      "text": "4ขฆ291",
      "score": 1.5087686909192468,
      "avg_conf": 0.5029228969730822,
      "count": 3,
      "consensus_ratio": 0.5
    },
    {
      "text": "4ขม291",
      "score": 0.45669308749998255,
      "avg_conf": 0.45669308749998255,
      "count": 1,
      "consensus_ratio": 0.16666666666666666
    },
    {
      "text": "424291",
      "score": 0.4495145049470994,
      "avg_conf": 0.4495145049470994,
      "count": 1,
      "consensus_ratio": 0.16666666666666666
    }
  ],
  "province_candidates": [
    {
      "name": "กระบี่",
      "score": 77.14285714285715
    },
    {
      "name": "กรุงเทพมหานคร",
      "score": 76.19047619047619
    }
  ]
}