{
  "flags": [
    "low_confidence",
    "low_consensus",
    "tight_margin"
  ],
  "plate_candidates": [
    {
      "text": "กล3733",
      "score": 3.093814137164114,
      "avg_conf": 0.8925782753684076,
      "count": 3,
      "consensus_ratio": 0.5
    },
    {
      "text": "1กล3733",
      "score": 2.763814137164114,
      "avg_conf": 0.7735084795696587,
      "count": 3,
      "consensus_ratio": 0.5
    },
    {
      "text": "กสรง7อง",
      "score": 0.05297492012243003,
      "avg_conf": 0.05297492012243003,
      "count": 1,
      "consensus_ratio": 0.16666666666666666
    }
  ],
  "province_candidates": []
}