{
  "flags": [
    "low_confidence"
  ],
  "plate_candidates": [
    {
      "text": "8กต3730",
      "score": 2.626148905598492,
      "avg_conf": 0.656537226399623,
      "count": 4,
      "consensus_ratio": 0.6666666666666666
    },
    {
      "text": "8กค3730",
      "score": 0.3657563165657947,
      "avg_conf": 0.3657563165657947,
      "count": 1,
      "consensus_ratio": 0.16666666666666666
    },
    {
      "text": "8ก43730",
      "score": 0.07411480523052617,
      "avg_conf": 0.07411480523052617,
      "count": 1,
      "consensus_ratio": 0.16666666666666666
    }
  ],
  "province_candidates": [
    {
      "name": "กรุงเทพมหานคร",
      "score": 81.81818181818181
    },
    {
      "name": "พระนครศรีอยุธยา",
      "score": 65.45454545454547
    }
  ]
}