{
  "flags": [
    "confusable_chars"
  ],
  "plate_candidates": [
    {
      "text": "5ขล9210",
      "score": 4.9697650796068,
      "avg_conf": 0.789721920209414,
      "count": 5,
      "consensus_ratio": 0.7142857142857143
    },
    {
      "text": "5ขอ9210",
      "score": 1.123554817606038,
      "avg_conf": 0.5317774088030189,
      "count": 2,
      "consensus_ratio": 0.2857142857142857
    },
    {
      "text": "5ขก9210",
      "score": 0.4951284512447311,
      "avg_conf": 0.4351284512447311,
      "count": 1,
      "consensus_ratio": 0.14285714285714285
    }
  ],
  "province_candidates": [
    {
      "name": "กรุงเทพมหานคร",
      "score": 100.0
    },
    {
      "name": "พระนครศรีอยุธยา",
      "score": 72.0
    }
  ]
}