{
  "flags": [
    "low_confidence",
    "confusable_chars"
  ],
  "plate_candidates": [
    {
      "text": "2ขน6692",
      "score": 3.0726267393877906,
      "avg_conf": 0.6145253478775581,
      "count": 5,
      "consensus_ratio": 0.8333333333333334
    },
    {
      "text": "2ข46692",
      "score": 0.411540160701472,
      "avg_conf": 0.411540160701472,
      "count": 1,
      "consensus_ratio": 0.16666666666666666
    }
  ],
  "province_candidates": [
    {
      "name": "กรุงเทพมหานคร",
      "score": 86.95652173913044
    }
  ]
}