{
  "flags": [
    "low_confidence",
    "low_consensus",
    "confusable_chars",
    "tight_margin"
  ],
  "plate_candidates": [
    {
      "text": "ภฆ3078",
      "score": 4.1189679513560655,
      "avg_conf": 0.8979657118872337,
      "count": 3,
      "consensus_ratio": 0.42857142857142855
    },
    {
      "text": "ภม3078",
      "score": 4.0789679513560655,
      "avg_conf": 0.8929657118872336,
      "count": 3,
      "consensus_ratio": 0.42857142857142855
    },
    {
      "text": "ภผ3078",
      "score": 3.9589679513560654,
      "avg_conf": 0.8779657118872337,
      "count": 3,
      "consensus_ratio": 0.42857142857142855
    }
  ],
  "province_candidates": [
    {
      "name": "พระนครศรีอยุธยา",
      "score": 72.72727272727273
    },
    {
      "name": "อุดรธานี",
      "score": 72.0
    }
  ]
}