{
  "flags": [
    "low_confidence",
    "confusable_chars"
  ],
  "plate_candidates": [
    {
      "text": "6ขศ3201",
      "score": 2.8203992965584206,
      "avg_conf": 0.5640798593116841,
      "count": 5,
      "consensus_ratio": 0.8333333333333334
    },
    {
      "text": "ฆศ3201",
      "score": 0.900077833785894,
      "avg_conf": 0.900077833785894,
      "count": 1,
      "consensus_ratio": 0.16666666666666666
    },
    {
      "text": "ขส3201",
      "score": 0.8600778337858941,
      "avg_conf": 0.8600778337858941,
      "count": 1,
      "consensus_ratio": 0.16666666666666666
    }
  ],
  "province_candidates": [
    {
      "name": "กระบี่",
      "score": 77.14285714285715
    },
    {
      "name": "กรุงเทพมหานคร",
      "score": 64.28571428571429
    }
  ]
}