{
  "flags": [
    "low_confidence",
    "low_consensus",
    "confusable_chars",
    "tight_margin"
  ],
  "plate_candidates": [
    {
      "text": "8กข6228",
      "score": 1.4223417780104528,
      "avg_conf": 0.6511708890052263,
      "count": 1,
      "consensus_ratio": 0.14285714285714285
    },
    {
      "text": "8กน6228",
      "score": 1.4223417780104528,
      "avg_conf": 0.6511708890052263,
      "count": 1,
      "consensus_ratio": 0.14285714285714285
    },
    {
      "text": "8กด6228",
      "score": 0.8996631366818622,
      "avg_conf": 0.3898315683409311,
      "count": 2,
      "consensus_ratio": 0.2857142857142857
    }
  ],
  "province_candidates": [
    {
      "name": "กรุงเทพมหานคร",
      "score": 100.0
    }
  ]
}