{
  "flags": [
    "confusable_chars"
  ],
  "plate_candidates": [
    {
      "text": "3กม8973",
      "score": 3.33708735653077,
      "avg_conf": 0.8342718391326925,
      "count": 4,
      "consensus_ratio": 0.6666666666666666
    },
    {
      "text": "30ม8973",
      "score": 0.1381582903523504,
      "avg_conf": 0.1381582903523504,
      "count": 1,
      "consensus_ratio": 0.16666666666666666
    },
    {
      "text": "3ก18973",
      "score": 0.13610646140790217,
      "avg_conf": 0.13610646140790217,
      "count": 1,
      "consensus_ratio": 0.16666666666666666
    }
  ],
  "province_candidates": [
    {
      "name": "กรุงเทพมหานคร",
      "score": 100.0
    },
    {
      "name": "พระนครศรีอยุธยา",
      "score": 72.0
    }
  ]
}