{
  "flags": [
    "low_confidence",
    "low_consensus"
  ],
  "plate_candidates": [
    {
      "text": "5602029",
      "score": 0.26746764838270387,
      "avg_conf": 0.26746764838270387,
      "count": 1,
      "consensus_ratio": 0.16666666666666666
    },
    {
      "text": "ง02939",
      "score": 0.0702628678612195,
      "avg_conf": 0.0702628678612195,
      "count": 1,
      "consensus_ratio": 0.16666666666666666
    },
    {
      "text": "รถิญ2029",
      "score": 0.040857481540018725,
      "avg_conf": 0.040857481540018725,
      "count": 1,
      "consensus_ratio": 0.16666666666666666
    }
  ],
  "province_candidates": []
}