{
  "flags": [
    "low_confidence",
    "confusable_chars",
    "tight_margin"
  ],
  "plate_candidates": [
    {
      "text": "ฆฉ7658",
      "score": 5.731415744910327,
      "avg_conf": 0.9672848049991194,
      "count": 5,
      "consensus_ratio": 0.8333333333333334
    },
    {
      "text": "มฉ7658",
      "score": 5.6814157449103275,
      "avg_conf": 0.9632848049991193,
      "count": 5,
      "consensus_ratio": 0.8333333333333334
    },
    {
      "text": "ผฉ7658",
      "score": 5.531415744910328,
      "avg_conf": 0.9512848049991194,
      "count": 5,
      "consensus_ratio": 0.8333333333333334
    }
  ],
  "province_candidates": []
}