{
  "flags": [
    "low_confidence",
    "low_consensus"
  ],
  "plate_candidates": [
    {
      "text": "7กร5090",
      "score": 1.1694455586273724,
      "avg_conf": 0.38981518620912414,
      "count": 3,
      "consensus_ratio": 0.5
    },
    {
      "text": "7กรฐ090",
      "score": 0.057811090498675985,
      "avg_conf": 0.057811090498675985,
      "count": 1,
      "consensus_ratio": 0.16666666666666666
    },
    {
      "text": "7กรอ090",
      "score": 0.03394156437876848,
      "avg_conf": 0.03394156437876848,
      "count": 1,
      "consensus_ratio": 0.16666666666666666
    }
  ],
  "province_candidates": [
    {
      "name": "กรุงเทพมหานคร",
      "score": 72.0
    },
    {
      "name": "พระนครศรีอยุธยา",
      "score": 65.45454545454547
    }
  ]
}