{
  "flags": [
    "low_confidence",
    "low_consensus",
    "confusable_chars"
  ],
  "plate_candidates": [
    {
      "text": "2ขท8882",
      "score": 1.5378563925624071,
      "avg_conf": 0.7689281962812036,
      "count": 2,
      "consensus_ratio": 0.3333333333333333
    },
    {
      "text": "2018882",
      "score": 0.4768286613412917,
      "avg_conf": 0.23841433067064585,
      "count": 2,
      "consensus_ratio": 0.3333333333333333
    },
    {
      "text": "20ท8882",
      "score": 0.4236942414842136,
      "avg_conf": 0.4236942414842136,
      "count": 1,
      "consensus_ratio": 0.16666666666666666
    }
  ],
  "province_candidates": [
    {
      "name": "กรุงเทพมหานคร",
      "score": 100.0
    },
    {
      "name": "พระนครศรีอยุธยา",
      "score": 65.45454545454547
    }
  ]
}