{
  "flags": [
    "low_confidence",
    "low_consensus",
    "confusable_chars",
    "tight_margin"
  ],
  "plate_candidates": [
    {
      "text": "ฆค9996",
      "score": 1.7145256660197952,
      "avg_conf": 0.8572628330098976,
      "count": 2,
      "consensus_ratio": 0.3333333333333333
    },
    {
      "text": "มค9996",
      "score": 1.6945256660197952,
      "avg_conf": 0.8472628330098976,
      "count": 2,
      "consensus_ratio": 0.3333333333333333
    },
    {
      "text": "ขฅ9996",
      "score": 1.6345256660197953,
      "avg_conf": 0.8172628330098977,
      "count": 2,
      "consensus_ratio": 0.3333333333333333
    }
  ],
  "province_candidates": [
    {
      "name": "กรุงเทพมหานคร",
      "score": 100.0
    },
    {
      "name": "พระนครศรีอยุธยา",
      "score": 65.45454545454547
    }
  ]
}