{
  "flags": [
    "low_confidence",
    "low_consensus"
  ],
  "plate_candidates": [
    {
      "text": "4กฮ848",
      "score": 1.7702819527684859,
      "avg_conf": 0.8609423463226057,
      "count": 2,
      "consensus_ratio": 0.3333333333333333
    },
    {
      "text": "4ภฮ848",
      "score": 1.0685261184319073,
      "avg_conf": 1.0,
      "count": 1,
      "consensus_ratio": 0.16666666666666666
    },
    {
      "text": "4กฮ5848",
      "score": 0.4886769215944576,
      "avg_conf": 0.4886769215944576,
      "count": 1,
      "consensus_ratio": 0.16666666666666666
    }
  ],
  "province_candidates": [
    {
      "name": "อุดรธานี",
      "score": 72.0
    }
  ]
}