{
  "flags": [
    "confusable_chars"
  ],
  "plate_candidates": [
    {
      "text": "1ขน5655",
      "score": 3.8953961849398366,
      "avg_conf": 0.7790792369879673,
      "count": 5,
      "consensus_ratio": 0.8333333333333334
    },
    {
      "text": "เขน5655ิ",
      "score": 0.17629995082281813,
      "avg_conf": 0.17629995082281813,
      "count": 1,
      "consensus_ratio": 0.16666666666666666
    }
  ],
  "province_candidates": [
    {
      "name": "กรุงเทพมหานคร",
      "score": 100.0
    }
  ]
}