{
  "flags": [
    "confusable_chars"
  ],
  "plate_candidates": [
    {
      "text": "6ขก17",
      "score": 3.7001310774250116,
      "avg_conf": 0.7400262154850024,
      "count": 5,
      "consensus_ratio": 0.8333333333333334
    },
    {
      "text": "6ขกะ17",
      "score": 0.23458280222614136,
      "avg_conf": 0.23458280222614136,
      "count": 1,
      "consensus_ratio": 0.16666666666666666
    }
  ],
  "province_candidates": [
    {
      "name": "บุรีรัมย์",
      "score": 72.0
    },
    {
      "name": "นครนายก",
      "score": 66.66666666666667
    }
  ]
}