{
  "flags": [
    "low_confidence",
    "low_consensus",
    "confusable_chars"
  ],
  "plate_candidates": [
    {
      "text": "2ขภ902",
      "score": 3.100293523876937,
      "avg_conf": 0.932782350430246,
      "count": 2,
      "consensus_ratio": 0.2857142857142857
    },
    {
      "text": "2ขก902",
      "score": 1.0164565290260958,
      "avg_conf": 1.0,
      "count": 1,
      "consensus_ratio": 0.14285714285714285
    },
    {
      "text": "2ข3902",
      "score": 0.5298765658458566,
      "avg_conf": 0.5298765658458566,
      "count": 1,
      "consensus_ratio": 0.14285714285714285
    }
  ],
  "province_candidates": [
    {
      "name": "กรุงเทพมหานคร",
      "score": 100.0
    },
    {
      "name": "พระนครศรีอยุธยา",
      "score": 72.0
    }
  ]
}