{
  "flags": [
    "low_confidence",
    "low_consensus",
    "confusable_chars",
    "tight_margin"
  ],
  "plate_candidates": [
    {
      "text": "6ขฏ61",
      "score": 1.6202654161008891,
      "avg_conf": 0.5400884720336298,
      "count": 3,
      "consensus_ratio": 0.5
    },
    {
      "text": "6ขฎ61",
      "score": 1.373937623267259,
      "avg_conf": 0.6869688116336296,
      "count": 2,
      "consensus_ratio": 0.3333333333333333
    },
    {
      "text": "ฆฏ61",
      "score": 1.0788001288796052,
      "avg_conf": 1.0,
      "count": 1,
      "consensus_ratio": 0.16666666666666666
    }
  ],
  "province_candidates": [
    {
      "name": "กรุงเทพมหานคร",
      "score": 69.56521739130434
    }
  ]
}