{
  "flags": [
    "low_confidence",
    "low_consensus"
  ],
  "plate_candidates": [
    {
      "text": "1กจ3223",
      "score": 2.0282147086190667,
      "avg_conf": 0.6760715695396889,
      "count": 3,
      "consensus_ratio": 0.5
    },
    {
      "text": "เกจ3223",
      "score": 0.8286102458194741,
      "avg_conf": 0.41430512290973703,
      "count": 2,
      "consensus_ratio": 0.3333333333333333
    },
    {
      "text": "3223",
      "score": 0.4247574462760462,
      "avg_conf": 0.4247574462760462,
      "count": 1,
      "consensus_ratio": 0.16666666666666666
    }
  ],
  "province_candidates": [
    {
      "name": "แพร่",
      "score": 72.0
    },
    {
      "name": "กรุงเทพมหานคร",
      "score": 72.0
    }
  ]
}