{
  "flags": [
    "low_confidence",
    "low_consensus",
    "confusable_chars",
    "tight_margin"
  ],
  "plate_candidates": [
    {
      "text": "ฆ3010",
      "score": 0.8591069045330676,
      "avg_conf": 0.8591069045330676,
      "count": 1,
      "consensus_ratio": 0.16666666666666666
    },
    {
      "text": "ม3010",
      "score": 0.8491069045330676,
      "avg_conf": 0.8491069045330676,
      "count": 1,
      "consensus_ratio": 0.16666666666666666
    },
    {
      "text": "ผ3010",
      "score": 0.8191069045330677,
      "avg_conf": 0.8191069045330677,
      "count": 1,
      "consensus_ratio": 0.16666666666666666
    }
  ],
  "province_candidates": [
    {
      "name": "นนทบุรี",
      "score": 90.0
    },
    {
      "name": "พระนครศรีอยุธยา",
      "score": 72.0
    }
  ]
}