{
  "flags": [
    "low_confidence",
    "low_consensus",
    "confusable_chars",
    "tight_margin"
  ],
  "plate_candidates": [
    {
      "text": "ภข9994",
      "score": 0.7445165816838888,
      "avg_conf": 0.7445165816838888,
      "count": 1,
      "consensus_ratio": 0.16666666666666666
    },
    {
      "text": "ภพ9994",
      "score": 0.7445165816838888,
      "avg_conf": 0.7445165816838888,
      "count": 1,
      "consensus_ratio": 0.16666666666666666
    },
    {
      "text": "ภผ9994",
      "score": 0.7045165816838888,
      "avg_conf": 0.7045165816838888,
      "count": 1,
      "consensus_ratio": 0.16666666666666666
    }
  ],
  "province_candidates": [
    {
      "name": "กรุงเทพมหานคร",
      "score": 66.66666666666667
    }
  ]
}