{
  "flags": [
    "low_confidence"
  ],
  "plate_candidates": [
    {
      "text": "5กช5648",
      "score": 3.219064181386935,
      "avg_conf": 0.6361277322227463,
      "count": 5,
      "consensus_ratio": 0.8333333333333334
    },
    {
      "text": "5ก25648",
      "score": 0.1505602100914974,
      "avg_conf": 0.1505602100914974,
      "count": 1,
      "consensus_ratio": 0.16666666666666666
    }
  ],
  "province_candidates": [
    {
      "name": "อุดรธานี",
      "score": 72.0
    },
    {
      "name": "กระบี่",
      "score": 67.5
    }
  ]
}