{
  "flags": [
    "low_confidence",
    "confusable_chars",
    "tight_margin"
  ],
  "plate_candidates": [
    {
      "text": "3ขด5801",
      "score": 5.055301737100247,
      "avg_conf": 0.7825502895167077,
      "count": 6,
      "consensus_ratio": 0.8571428571428571
    },
    {
      "text": "3ขก5801",
      "score": 5.055301737100247,
      "avg_conf": 0.7825502895167077,
      "count": 6,
      "consensus_ratio": 0.8571428571428571
    },
    {
      "text": "3ข15801",
      "score": 3.3153017371002473,
      "avg_conf": 0.5525502895167079,
      "count": 6,
      "consensus_ratio": 0.8571428571428571
    }
  ],
  "province_candidates": [
    {
      "name": "กรุงเทพมหานคร",
      "score": 100.0
    }
  ]
}