{
  "flags": [
    "low_confidence",
    "confusable_chars"
  ],
  "plate_candidates": [
    {
      "text": "5ิขศ1481",
      "score": 2.1336867290377404,
      "avg_conf": 0.4267373458075481,
      "count": 5,
      "consensus_ratio": 0.8333333333333334
    },
    {
      "text": "5ขศ1481",
      "score": 0.6527246984671998,
      "avg_conf": 0.6527246984671998,
      "count": 1,
      "consensus_ratio": 0.16666666666666666
    }
  ],
  "province_candidates": []
}