{
  "flags": [
    "low_confidence",
    "low_consensus",
    "confusable_chars"
  ],
  "plate_candidates": [
    {
      "text": "2กม7853",
      "score": 2.471965763899572,
      "avg_conf": 0.7995142707281572,
      "count": 3,
      "consensus_ratio": 0.5
    },
    {
      "text": "2กม78รง",
      "score": 0.7875774200180706,
      "avg_conf": 0.3937887100090353,
      "count": 2,
      "consensus_ratio": 0.3333333333333333
    },
    {
      "text": "2กม785ฐ",
      "score": 0.0948193106058448,
      "avg_conf": 0.0948193106058448,
      "count": 1,
      "consensus_ratio": 0.16666666666666666
    }
  ],
  "province_candidates": [
    {
      "name": "ตรัง",
      "score": 72.0
    },
    {
      "name": "เชียงใหม่",
      "score": 60.00000000000001
    }
  ]
}