{
  "flags": [
    "low_confidence",
    "low_consensus",
    "confusable_chars",
    "tight_margin"
  ],
  "plate_candidates": [
    {
      "text": "ฆฬ8778",
      "score": 0.7901165171841331,
      "avg_conf": 0.7901165171841331,
      "count": 1,
      "consensus_ratio": 0.16666666666666666
    },
    {
      "text": "มฬ8778",
      "score": 0.7801165171841331,
      "avg_conf": 0.7801165171841331,
      "count": 1,
      "consensus_ratio": 0.16666666666666666
    },
    {
      "text": "ผฬ8778",
      "score": 0.7501165171841331,
      "avg_conf": 0.7501165171841331,
      "count": 1,
      "consensus_ratio": 0.16666666666666666
    }
  ],
  "province_candidates": [
    {
      "name": "กรุงเทพมหานคร",
      "score": 83.33333333333334
    },
    {
      "name": "พระนครศรีอยุธยา",
      "score": 72.0
    }
  ]
}