{
  "flags": [
    "low_confidence",
    "low_consensus"
  ],
  "plate_candidates": [
    {
      "text": "4028350",
      "score": 0.4867479878763004,
      "avg_conf": 0.4867479878763004,
      "count": 1,
      "consensus_ratio": 0.16666666666666666
    },
    {
      "text": "4ก28350",
      "score": 0.38056055413655626,
      "avg_conf": 0.38056055413655626,
      "count": 1,
      "consensus_ratio": 0.16666666666666666
    },
    {
      "text": "4ภข8350",
      "score": 0.3349835548692886,
      "avg_conf": 0.3349835548692886,
      "count": 1,
      "consensus_ratio": 0.16666666666666666
    }
  ],
  "province_candidates": [
    {
      "name": "กรุงเทพมหานคร",
      "score": 78.26086956521739
    },
    {
      "name": "กระบี่",
      "score": 67.5
    }
  ]
}