{
  "flags": [
    "confusable_chars"
  ],
  "plate_candidates": [
    {
      "text": "5ขฐ5497",
      "score": 3.4743872113890446,
      "avg_conf": 0.8685968028472612,
      "count": 4,
      "consensus_ratio": 0.6666666666666666
    },
    {
      "text": "วขฐ5497",
      "score": 0.3804102109112949,
      "avg_conf": 0.3804102109112949,
      "count": 1,
      "consensus_ratio": 0.16666666666666666
    },
    {
      "text": "5ข55497",
      "score": 0.1844817500359907,
      "avg_conf": 0.1844817500359907,
      "count": 1,
      "consensus_ratio": 0.16666666666666666
    }
  ],
  "province_candidates": [
    {
      "name": "กรุงเทพมหานคร",
      "score": 100.0
    },
    {
      "name": "พระนครศรีอยุธยา",
      "score": 72.0
    }
  ]
}