{
  "flags": [
    "low_confidence",
    "low_consensus",
    "confusable_chars"
  ],
  "plate_candidates": [
    {
      "text": "1ขบ9289",
      "score": 1.6504790251721948,
      "avg_conf": 0.767785719019249,
      "count": 2,
      "consensus_ratio": 0.3333333333333333
    },
    {
      "text": "ฆบ9289",
      "score": 0.9694684521306197,
      "avg_conf": 0.9694684521306197,
      "count": 1,
      "consensus_ratio": 0.16666666666666666
    },
    {
      "text": "1ขษ9289",
      "score": 0.9601534401914305,
      "avg_conf": 0.4800767200957152,
      "count": 2,
      "consensus_ratio": 0.3333333333333333
    }
  ],
  "province_candidates": [
    {
      "name": "กระบี่",
      "score": 77.14285714285715
    },
    {
      "name": "อุดรธานี",
      "score": 72.0
    }
  ]
}