{
  "flags": [
    "low_confidence",
    "confusable_chars"
  ],
  "plate_candidates": [
    {
      "text": "4ขร6755",
      "score": 2.7600444697577045,
      "avg_conf": 0.6900111174394261,
      "count": 4,
      "consensus_ratio": 0.6666666666666666
    },
    {
      "text": "4ข56255",
      "score": 0.7950110460091329,
      "avg_conf": 0.39750552300456643,
      "count": 2,
      "consensus_ratio": 0.3333333333333333
    }
  ],
  "province_candidates": [
    {
      "name": "กระบี่",
      "score": 77.14285714285715
    },
    {
      "name": "กรุงเทพมหานคร",
      "score": 65.45454545454547
    },
    {
      "name": "พระนครศรีอยุธยา",
      "score": 65.45454545454547
    }
  ]
}