{
  "flags": [
    "low_confidence",
    "low_consensus"
  ],
  "plate_candidates": [
    {
      "text": "8419",
      "score": 0.8553818893432618,
      "avg_conf": 0.8553818893432618,
      "count": 1,
      "consensus_ratio": 0.16666666666666666
    },
    {
      "text": "ก4819",
      "score": 0.3919511969834415,
      "avg_conf": 0.3919511969834415,
      "count": 1,
      "consensus_ratio": 0.16666666666666666
    },
    {
      "text": "1ก4819",
      "score": 0.3419511969834415,
      "avg_conf": 0.2219511969834415,
      "count": 1,
      "consensus_ratio": 0.16666666666666666
    }
  ],
  "province_candidates": []
}