{
  "flags": [
    "low_confidence",
    "confusable_chars"
  ],
  "plate_candidates": [
    {
      "text": "11ข2035",
      "score": 1.5889582725810318,
      "avg_conf": 0.3177916545162064,
      "count": 5,
      "consensus_ratio": 0.8333333333333334
    },
    {
      "text": "1นข2035",
      "score": 0.40397236727501756,
      "avg_conf": 0.40397236727501756,
      "count": 1,
      "consensus_ratio": 0.16666666666666666
    }
  ],
  "province_candidates": [
    {
      "name": "กรุงเทพมหานคร",
      "score": 83.33333333333334
    },
    {
      "name": "พระนครศรีอยุธยา",
      "score": 75.00000000000001
    },
    {
      "name": "กระบี่",
      "score": 67.5
    }
  ]
}