{
  "flags": [
    "low_confidence",
    "low_consensus"
  ],
  "plate_candidates": [
    {
      "text": "6กถ3222",
      "score": 0.7015733858216153,
      "avg_conf": 0.7015733858216153,
      "count": 1,
      "consensus_ratio": 0.16666666666666666
    },
    {
      "text": "6003222",
      "score": 0.31529022707886784,
      "avg_conf": 0.31529022707886784,
      "count": 1,
      "consensus_ratio": 0.16666666666666666
    },
    {
      "text": "66กก3222",
      "score": 0.29050007471848077,
      "avg_conf": 0.29050007471848077,
      "count": 1,
      "consensus_ratio": 0.16666666666666666
    }
  ],
  "province_candidates": [
    {
      "name": "กรุงเทพมหานคร",
      "score": 100.0
    }
  ]
}