{
  "flags": [
    "low_confidence",
    "low_consensus",
    "tight_margin"
  ],
  "plate_candidates": [
    {
      "text": "2012376",
      "score": 0.48846375829462685,
      "avg_conf": 0.24423187914731342,
      "count": 2,
      "consensus_ratio": 0.3333333333333333
    },
    {
      "text": "2ข2376",
      "score": 0.47464526696117254,
      "avg_conf": 0.47464526696117254,
      "count": 1,
      "consensus_ratio": 0.16666666666666666
    },
    {
      "text": "2ขท2376",
      "score": 0.4587398854190928,
      "avg_conf": 0.4587398854190928,
      "count": 1,
      "consensus_ratio": 0.16666666666666666
    }
  ],
  "province_candidates": [
    {
      "name": "กรุงเทพมหานคร",
      "score": 72.0
    },
    {
      "name": "พระนครศรีอยุธยา",
      "score": 65.45454545454547
    }
  ]
}