{
  "flags": [
    "low_confidence",
    "confusable_chars"
  ],
  "plate_candidates": [
    {
      "text": "2ขจ9671",
      "score": 2.45947365875912,
      "avg_conf": 0.61486841468978,
      "count": 4,
      "consensus_ratio": 0.6666666666666666
    },
    {
      "text": "2ขจ967",
      "score": 0.7059525060722124,
      "avg_conf": 0.7059525060722124,
      "count": 1,
      "consensus_ratio": 0.16666666666666666
    },
    {
      "text": "2ขจวร71",
      "score": -0.05169476219340107,
      "avg_conf": 0.0,
      "count": 1,
      "consensus_ratio": 0.16666666666666666
    }
  ],
  "province_candidates": [
    {
      "name": "กระบี่",
      "score": 66.66666666666667
    }
  ]
}