{
  "flags": [
    "low_confidence",
    "confusable_chars"
  ],
  "plate_candidates": [
    {
      "text": "4ขญ785",
      "score": 3.683139865747695,
      "avg_conf": 0.736627973149539,
      "count": 5,
      "consensus_ratio": 0.8333333333333334
    },
    {
      "text": "ฆญ785",
      "score": 1.0346831873271913,
      "avg_conf": 1.0,
      "count": 1,
      "consensus_ratio": 0.16666666666666666
    },
    {
      "text": "มญ785",
      "score": 1.0246831873271913,
      "avg_conf": 1.0,
      "count": 1,
      "consensus_ratio": 0.16666666666666666
    }
  ],
  "province_candidates": [
    {
      "name": "กรุงเทพมหานคร",
      "score": 81.81818181818181
    },
    {
      "name": "พระนครศรีอยุธยา",
      "score": 72.0
    }
  ]
}