{
  "flags": [
    "low_confidence",
    "low_consensus",
    "confusable_chars"
  ],
  "plate_candidates": [
    {
      "text": "2ข12662",
      "score": 0.7803047772369441,
      "avg_conf": 0.26010159241231473,
      "count": 3,
      "consensus_ratio": 0.5
    },
    {
      "text": "2012662",
      "score": 0.6190200242436679,
      "avg_conf": 0.30951001212183393,
      "count": 2,
      "consensus_ratio": 0.3333333333333333
    },
    {
      "text": "212662",
      "score": 0.2171321394939783,
      "avg_conf": 0.2171321394939783,
      "count": 1,
      "consensus_ratio": 0.16666666666666666
    }
  ],
  "province_candidates": [
    {
      "name": "กระบี่",
      "score": 77.14285714285715
    },
    {
      "name": "กรุงเทพมหานคร",
      "score": 75.0
    }
  ]
}