{
  "flags": [
    "low_confidence",
    "confusable_chars"
  ],
  "plate_candidates": [
    {
      "text": "3ขฆ2010",
      "score": 2.8838157906892197,
      "avg_conf": 0.7209539476723049,
      "count": 4,
      "consensus_ratio": 0.5714285714285714
    },
    {
      "text": "3ขข2010",
      "score": 1.5135391233112185,
      "avg_conf": 0.6967695616556093,
      "count": 2,
      "consensus_ratio": 0.2857142857142857
    },
    {
      "text": "3ขน2010",
      "score": 1.5135391233112185,
      "avg_conf": 0.6967695616556093,
      "count": 2,
      "consensus_ratio": 0.2857142857142857
    }
  ],
  "province_candidates": [
    {
      "name": "สมุทรปราการ",
      "score": 77.14285714285715
    },
    {
      "name": "กรุงเทพมหานคร",
      "score": 69.56521739130434
    }
  ]
}