{
  "flags": [
    "low_confidence",
    "confusable_chars"
  ],
  "plate_candidates": [
    {
      "text": "2ขบ7475",
      "score": 3.0478348806837783,
      "avg_conf": 0.7619587201709446,
      "count": 4,
      "consensus_ratio": 0.6666666666666666
    },
    {
      "text": "2ข17475",
      "score": 0.6168147241145767,
      "avg_conf": 0.30840736205728836,
      "count": 2,
      "consensus_ratio": 0.3333333333333333
    }
  ],
  "province_candidates": [
    {
      "name": "กระบี่",
      "score": 77.14285714285715
    },
    {
      "name": "กรุงเทพมหานคร",
      "score": 75.00000000000001
    },
    {
      "name": "พระนครศรีอยุธยา",
      "score": 72.0
    }
  ]
}