{
  "flags": [
    "low_confidence",
    "low_consensus",
    "tight_margin"
  ],
  "plate_candidates": [
    {
      "text": "621237",
      "score": 0.7244257726331524,
      "avg_conf": 0.7244257726331524,
      "count": 1,
      "consensus_ratio": 0.16666666666666666
    },
    {
      "text": "6011237",
      "score": 0.7049728280154104,
      "avg_conf": 0.3524864140077052,
      "count": 2,
      "consensus_ratio": 0.3333333333333333
    },
    {
      "text": "ฆน1237",
      "score": 0.696797870337448,
      "avg_conf": 0.696797870337448,
      "count": 1,
      "consensus_ratio": 0.16666666666666666
    }
  ],
  "province_candidates": [
    {
      "name": "กรุงเทพมหานคร",
      "score": 100.0
    },
    {
      "name": "พระนครศรีอยุธยา",
      "score": 72.0
    }
  ]
}