{
  "flags": [
    "low_confidence",
    "low_consensus",
    "confusable_chars"
  ],
  "plate_candidates": [
    {
      "text": "6ขร1718",
      "score": 1.71124530141578,
      "avg_conf": 0.5704151004719267,
      "count": 3,
      "consensus_ratio": 0.5
    },
    {
      "text": "6ข1718",
      "score": 0.4427416493387318,
      "avg_conf": 0.4427416493387318,
      "count": 1,
      "consensus_ratio": 0.16666666666666666
    },
    {
      "text": "6ข51718",
      "score": 0.31012858772730956,
      "avg_conf": 0.15506429386365478,
      "count": 2,
      "consensus_ratio": 0.3333333333333333
    }
  ],
  "province_candidates": [
    {
      "name": "พระนครศรีอยุธยา",
      "score": 66.66666666666667
    }
  ]
}