{
  "flags": [
    "low_confidence",
    "low_consensus",
    "confusable_chars"
  ],
  "plate_candidates": [
    {
      "text": "6ขถ7181",
      "score": 1.7930124171991837,
      "avg_conf": 0.5976708057330612,
      "count": 3,
      "consensus_ratio": 0.5
    },
    {
      "text": "6ขก2181",
      "score": 1.060435594693622,
      "avg_conf": 0.530217797346811,
      "count": 2,
      "consensus_ratio": 0.3333333333333333
    },
    {
      "text": "6ขก7181",
      "score": 0.5017476746042563,
      "avg_conf": 0.5017476746042563,
      "count": 1,
      "consensus_ratio": 0.16666666666666666
    }
  ],
  "province_candidates": [
    {
      "name": "กรุงเทพมหานคร",
      "score": 75.00000000000001
    },
    {
      "name": "พระนครศรีอยุธยา",
      "score": 65.45454545454547
    }
  ]
}