{
  "flags": [
    "low_confidence",
    "low_consensus",
    "confusable_chars"
  ],
  "plate_candidates": [
    {
      "text": "5ขข564",
      "score": 1.540983022723184,
      "avg_conf": 0.7429848688024245,
      "count": 2,
      "consensus_ratio": 0.2857142857142857
    },
    {
      "text": "5ขชา564",
      "score": 0.6020421956457491,
      "avg_conf": 0.6020421956457491,
      "count": 1,
      "consensus_ratio": 0.14285714285714285
    },
    {
      "text": "5ิขช564",
      "score": 0.5293593837723765,
      "avg_conf": 0.5293593837723765,
      "count": 1,
      "consensus_ratio": 0.14285714285714285
    }
  ],
  "province_candidates": [
    {
      "name": "กรุงเทพมหานคร",
      "score": 100.0
    },
    {
      "name": "พระนครศรีอยุธยา",
      "score": 75.00000000000001
    }
  ]
}