{
  "flags": [
    "low_confidence"
  ],
  "plate_candidates": [
    {
      "text": "2ก06259",
      "score": 1.455835792450085,
      "avg_conf": 0.291167158490017,
      "count": 5,
      "consensus_ratio": 0.8333333333333334
    },
    {
      "text": "2ก26259",
      "score": 0.4211767248513944,
      "avg_conf": 0.4211767248513944,
      "count": 1,
      "consensus_ratio": 0.16666666666666666
    }
  ],
  "province_candidates": [
    {
      "name": "สมุทรปราการ",
      "score": 67.5
    },
    {
      "name": "ราชบุรี",
      "score": 66.66666666666667
    },
    {
      "name": "กรุงเทพมหานคร",
      "score": 65.45454545454547
    }
  ]
}