{
  "flags": [
    "low_confidence",
    "low_consensus"
  ],
  "plate_candidates": [
    {
      "text": "8024469",
      "score": 0.8662674883751174,
      "avg_conf": 0.28875582945837247,
      "count": 3,
      "consensus_ratio": 0.5
    },
    {
      "text": "8ก24469",
      "score": 0.45293890082577754,
      "avg_conf": 0.22646945041288877,
      "count": 2,
      "consensus_ratio": 0.3333333333333333
    },
    {
      "text": "8กข4469",
      "score": 0.4426772248483369,
      "avg_conf": 0.4426772248483369,
      "count": 1,
      "consensus_ratio": 0.16666666666666666
    }
  ],
  "province_candidates": [
    {
      "name": "กรุงเทพมหานคร",
      "score": 81.81818181818181
    }
  ]
}