{
  "flags": [
    "low_confidence",
    "low_consensus"
  ],
  "plate_candidates": [
    {
      "text": "ญูอี",
      "score": 0.6083305316103512,
      "avg_conf": 0.6083305316103512,
      "count": 1,
      "consensus_ratio": 0.16666666666666666
    },
    {
      "text": "ญฮี1605",
      "score": 0.40861658261421124,
      "avg_conf": 0.20430829130710562,
      "count": 2,
      "consensus_ratio": 0.3333333333333333
    },
    {
      "text": "ญฮีป605",
      "score": 0.10456864196764647,
      "avg_conf": 0.10456864196764647,
      "count": 1,
      "consensus_ratio": 0.16666666666666666
    }
  ],
  "province_candidates": [
    {
      "name": "กรุงเทพมหานคร",
      "score": 100.0
    }
  ]
}