{
  "flags": [
    "low_confidence",
    "low_consensus",
    "confusable_chars"
  ],
  "plate_candidates": [
    {
      "text": "3ขร5897",
      "score": 1.2699613470114008,
      "avg_conf": 0.6349806735057004,
      "count": 2,
      "consensus_ratio": 0.3333333333333333
    },
    {
      "text": "3ข5897",
      "score": 0.8361554018005362,
      "avg_conf": 0.8361554018005362,
      "count": 1,
      "consensus_ratio": 0.16666666666666666
    },
    {
      "text": "3ข55897",
      "score": 0.6666278734295926,
      "avg_conf": 0.22220929114319754,
      "count": 3,
      "consensus_ratio": 0.5
    }
  ],
  "province_candidates": [
    {
      "name": "กรุงเทพมหานคร",
      "score": 72.0
    },
    {
      "name": "พระนครศรีอยุธยา",
      "score": 65.45454545454547
    }
  ]
}