{
  "flags": [
    "low_confidence",
    "confusable_chars"
  ],
  "plate_candidates": [
    {
      "text": "5ขล9210",
      "score": 4.0097650796068,
      "avg_conf": 0.6563885868760808,
      "count": 5,
      "consensus_ratio": 0.7142857142857143
    },
    {
      "text": "5ขอ9210",
      "score": 0.4684263663613069,
      "avg_conf": 0.4684263663613069,
      "count": 1,
      "consensus_ratio": 0.14285714285714285
    },
    {
      "text": "5ข09210",
      "score": 0.20512845124473106,
      "avg_conf": 0.20512845124473106,
      "count": 1,
      "consensus_ratio": 0.14285714285714285
    }
  ],
  "province_candidates": [
    {
      "name": "กรุงเทพมหานคร",
      "score": 100.0
    },
    {
      "name": "พระนครศรีอยุธยา",
      "score": 72.0
    }
  ]
}