{
  "flags": [
    "low_confidence",
    "confusable_chars"
  ],
  "plate_candidates": [
    {
      "text": "5ขย6285",
      "score": 3.511439875255202,
      "avg_conf": 0.7022879750510403,
      "count": 5,
      "consensus_ratio": 0.8333333333333334
    },
    {
      "text": "50ย6285",
      "score": 0.13940125338459414,
      "avg_conf": 0.13940125338459414,
      "count": 1,
      "consensus_ratio": 0.16666666666666666
    }
  ],
  "province_candidates": [
    {
      "name": "กระบี่",
      "score": 77.14285714285715
    },
    {
      "name": "กรุงเทพมหานคร",
      "score": 72.72727272727273
    },
    {
      "name": "พระนครศรีอยุธยา",
      "score": 72.0
    }
  ]
}