{
  "flags": [
    "confusable_chars"
  ],
  "plate_candidates": [
    {
      "text": "6ขส4819",
      "score": 3.1900043193985472,
      "avg_conf": 0.7975010798496368,
      "count": 4,
      "consensus_ratio": 0.6666666666666666
    },
    {
      "text": "6ข4819",
      "score": 0.8378171384513835,
      "avg_conf": 0.8378171384513835,
      "count": 1,
      "consensus_ratio": 0.16666666666666666
    },
    {
      "text": "4819",
      "score": 0.44671034324260256,
      "avg_conf": 0.44671034324260256,
      "count": 1,
      "consensus_ratio": 0.16666666666666666
    }
  ],
  "province_candidates": [
    {
      "name": "กรุงเทพมหานคร",
      "score": 100.0
    }
  ]
}