{
  "flags": [
    "low_confidence",
    "confusable_chars",
    "tight_margin"
  ],
  "plate_candidates": [
    {
      "text": "1ม42157",
      "score": 1.1649042217711862,
      "avg_conf": 0.29122605544279656,
      "count": 4,
      "consensus_ratio": 0.6666666666666666
    },
    {
      "text": "1มฆ2157",
      "score": 1.037979289354269,
      "avg_conf": 0.5189896446771345,
      "count": 2,
      "consensus_ratio": 0.3333333333333333
    }
  ],
  "province_candidates": [
    {
      "name": "กรุงเทพมหานคร",
      "score": 75.00000000000001
    },
    {
      "name": "อุดรธานี",
      "score": 72.0
    },
    {
      "name": "กระบี่",
      "score": 67.5
    }
  ]
}