{
  "flags": [
    "low_confidence",
    "low_consensus"
  ],
  "plate_candidates": [
    {
      "text": "ผล46",
      "score": 2.8028617214895046,
      "avg_conf": 0.9142340003413816,
      "count": 3,
      "consensus_ratio": 0.5
    },
    {
      "text": "ขล46",
      "score": 1.96799767264697,
      "avg_conf": 0.933918976090805,
      "count": 2,
      "consensus_ratio": 0.3333333333333333
    },
    {
      "text": "พล46",
      "score": 1.96799767264697,
      "avg_conf": 0.933918976090805,
      "count": 2,
      "consensus_ratio": 0.3333333333333333
    }
  ],
  "province_candidates": [
    {
      "name": "กรุงเทพมหานคร",
      "score": 75.0
    }
  ]
}