{
  "flags": [
    "low_confidence",
    "tight_margin"
  ],
  "plate_candidates": [
    {
      "text": "กร1715",
      "score": 3.8772619769027186,
      "avg_conf": 0.9341911211407485,
      "count": 4,
      "consensus_ratio": 0.6666666666666666
    },
    {
      "text": "1กร1715",
      "score": 3.437261976902718,
      "avg_conf": 0.7393154942256797,
      "count": 4,
      "consensus_ratio": 0.6666666666666666
    },
    {
      "text": "กร17151",
      "score": 0.4660620297494504,
      "avg_conf": 0.4660620297494504,
      "count": 1,
      "consensus_ratio": 0.16666666666666666
    }
  ],
  "province_candidates": [
    {
      "name": "กรุงเทพมหานคร",
      "score": 72.0
    },
    {
      "name": "กำแพงเพชร",
      "score": 62.5
    }
  ]
}