{
  "flags": [
    "low_confidence",
    "low_consensus"
  ],
  "plate_candidates": [
    {
      "text": "9กญ9764",
      "score": 1.28007079141994,
      "avg_conf": 0.64003539570997,
      "count": 2,
      "consensus_ratio": 0.3333333333333333
    },
    {
      "text": "วิกญ9764",
      "score": 0.24746136919954065,
      "avg_conf": 0.24746136919954065,
      "count": 1,
      "consensus_ratio": 0.16666666666666666
    },
    {
      "text": "ด9กิญ9764",
      "score": 0.1338694844976333,
      "avg_conf": 0.1338694844976333,
      "count": 1,
      "consensus_ratio": 0.16666666666666666
    }
  ],
  "province_candidates": [
    {
      "name": "อุดรธานี",
      "score": 72.0
    }
  ]
}