{
  "flags": [
    "low_confidence",
    "low_consensus",
    "confusable_chars"
  ],
  "plate_candidates": [
    {
      "text": "มทิยกระ",
      "score": 0.14887248462275676,
      "avg_conf": 0.14887248462275676,
      "count": 1,
      "consensus_ratio": 0.16666666666666666
    },
    {
      "text": "2018437",
      "score": 0.12017149858653088,
      "avg_conf": 0.12017149858653088,
      "count": 1,
      "consensus_ratio": 0.16666666666666666
    },
    {
      "text": "2ณ18437",
      "score": 0.11507679088356663,
      "avg_conf": 0.11507679088356663,
      "count": 1,
      "consensus_ratio": 0.16666666666666666
    }
  ],
  "province_candidates": [
    {
      "name": "กระบี่",
      "score": 67.5
    },
    {
      "name": "ชุมพร",
      "score": 60.00000000000001
    }
  ]
}