{
  "flags": [
    "low_confidence",
    "confusable_chars"
  ],
  "plate_candidates": [
    {
      "text": "5ขข2253",
      "score": 2.6533817007512996,
      "avg_conf": 0.6633454251878249,
      "count": 4,
      "consensus_ratio": 0.6666666666666666
    },
    {
      "text": "5ขข225ง",
      "score": 0.42926033521371304,
      "avg_conf": 0.42926033521371304,
      "count": 1,
      "consensus_ratio": 0.16666666666666666
    },
    {
      "text": "อีขข225ง",
      "score": 0.19917825645876985,
      "avg_conf": 0.19917825645876985,
      "count": 1,
      "consensus_ratio": 0.16666666666666666
    }
  ],
  "province_candidates": [
    {
      "name": "กรุงเทพมหานคร",
      "score": 86.95652173913044
    },
    {
      "name": "กระบี่",
      "score": 77.14285714285715
    }
  ]
}