{
  "flags": [
    "low_confidence"
  ],
  "plate_candidates": [
    {
      "text": "4กล3139",
      "score": 2.77560023811132,
      "avg_conf": 0.69390005952783,
      "count": 4,
      "consensus_ratio": 0.6666666666666666
    },
    {
      "text": "เกล3139",
      "score": 0.202972653757042,
      "avg_conf": 0.202972653757042,
      "count": 1,
      "consensus_ratio": 0.16666666666666666
    },
    {
      "text": "เกล31ง9",
      "score": 0.14932517724475602,
      "avg_conf": 0.14932517724475602,
      "count": 1,
      "consensus_ratio": 0.16666666666666666
    }
  ],
  "province_candidates": [
    {
      "name": "กรุงเทพมหานคร",
      "score": 75.66666666666667
    },
    {
      "name": "กระบี่",
      "score": 67.5
    }
  ]
}