{
  "flags": [
    "low_confidence",
    "low_consensus",
    "tight_margin"
  ],
  "plate_candidates": [
    {
      "text": "ญส4384",
      "score": 0.513477714424811,
      "avg_conf": 0.513477714424811,
      "count": 1,
      "consensus_ratio": 0.16666666666666666
    },
    {
      "text": "ญศ4384",
      "score": 0.513477714424811,
      "avg_conf": 0.513477714424811,
      "count": 1,
      "consensus_ratio": 0.16666666666666666
    },
    {
      "text": "ญษ4384",
      "score": 0.47347771442481107,
      "avg_conf": 0.47347771442481107,
      "count": 1,
      "consensus_ratio": 0.16666666666666666
    }
  ],
  "province_candidates": [
    {
      "name": "กรุงเทพมหานคร",
      "score": 100.0
    },
    {
      "name": "สมุทรปราการ",
      "score": 72.0
    }
  ]
}