{
  "flags": [
    "low_confidence",
    "low_consensus",
    "confusable_chars",
    "tight_margin"
  ],
  "plate_candidates": [
    {
      "text": "2ขข3769",
      "score": 1.1339208229321778,
      "avg_conf": 0.506960411466089,
      "count": 1,
      "consensus_ratio": 0.14285714285714285
    },
    {
      "text": "2ขน3769",
      "score": 1.1339208229321778,
      "avg_conf": 0.506960411466089,
      "count": 1,
      "consensus_ratio": 0.14285714285714285
    },
    {
      "text": "2ข3769",
      "score": 0.803775490141205,
      "avg_conf": 0.803775490141205,
      "count": 1,
      "consensus_ratio": 0.14285714285714285
    }
  ],
  "province_candidates": [
    {
      "name": "กรุงเทพมหานคร",
      "score": 100.0
    }
  ]
}