{
  "flags": [
    "low_confidence",
    "low_consensus",
    "confusable_chars"
  ],
  "plate_candidates": [
    {
      "text": "2ขน5078",
      "score": 1.9074481020843341,
      "avg_conf": 0.6358160340281114,
      "count": 3,
      "consensus_ratio": 0.5
    },
    {
      "text": "2ข15078",
      "score": 0.8251239479323456,
      "avg_conf": 0.4125619739661728,
      "count": 2,
      "consensus_ratio": 0.3333333333333333
    },
    {
      "text": "2ข15028",
      "score": 0.08028919808334316,
      "avg_conf": 0.08028919808334316,
      "count": 1,
      "consensus_ratio": 0.16666666666666666
    }
  ],
  "province_candidates": [
    {
      "name": "กรุงเทพมหานคร",
      "score": 100.0
    }
  ]
}