{
  "flags": [
    "low_confidence",
    "confusable_chars"
  ],
  "plate_candidates": [
    {
      "text": "5ขษ8979",
      "score": 2.3707747620942485,
      "avg_conf": 0.5926936905235621,
      "count": 4,
      "consensus_ratio": 0.6666666666666666
    },
    {
      "text": "5ข18979",
      "score": 0.7544557936875962,
      "avg_conf": 0.3772278968437981,
      "count": 2,
      "consensus_ratio": 0.3333333333333333
    }
  ],
  "province_candidates": [
    {
      "name": "กระบี่",
      "score": 77.14285714285715
    },
    {
      "name": "แพร่",
      "score": 72.0
    }
  ]
}