{
  "flags": [
    "low_confidence",
    "low_consensus"
  ],
  "plate_candidates": [
    {
      "text": "กง544",
      "score": 2.382628148451594,
      "avg_conf": 0.794209382817198,
      "count": 3,
      "consensus_ratio": 0.5
    },
    {
      "text": "ถง544",
      "score": 0.7461624471372809,
      "avg_conf": 0.7461624471372809,
      "count": 1,
      "consensus_ratio": 0.16666666666666666
    },
    {
      "text": "15442",
      "score": 0.4521621249297481,
      "avg_conf": 0.4521621249297481,
      "count": 1,
      "consensus_ratio": 0.16666666666666666
    }
  ],
  "province_candidates": []
}