{
  "flags": [
    "low_confidence"
  ],
  "plate_candidates": [
    {
      "text": "30ส3124",
      "score": 1.413580742934086,
      "avg_conf": 0.3533951857335215,
      "count": 4,
      "consensus_ratio": 0.6666666666666666
    },
    {
      "text": "3ศส3124",
      "score": 0.5665800502444076,
      "avg_conf": 0.5665800502444076,
      "count": 1,
      "consensus_ratio": 0.16666666666666666
    },
    {
      "text": "3สส3124",
      "score": 0.3326235321532964,
      "avg_conf": 0.3326235321532964,
      "count": 1,
      "consensus_ratio": 0.16666666666666666
    }
  ],
  "province_candidates": [
    {
      "name": "กระบี่",
      "score": 77.14285714285715
    },
    {
      "name": "กรุงเทพมหานคร",
      "score": 72.72727272727273
    }
  ]
}