{
  "flags": [
    "low_confidence"
  ],
  "plate_candidates": [
    {
      "text": "8016499",
      "score": 1.4356664440358813,
      "avg_conf": 0.28713328880717626,
      "count": 5,
      "consensus_ratio": 0.8333333333333334
    },
    {
      "text": "8ถ16499",
      "score": 0.13455119101984492,
      "avg_conf": 0.13455119101984492,
      "count": 1,
      "consensus_ratio": 0.16666666666666666
    }
  ],
  "province_candidates": [
    {
      "name": "กระบี่",
      "score": 77.14285714285715
    },
    {
      "name": "อุดรธานี",
      "score": 72.0
    },
    {
      "name": "พระนครศรีอยุธยา",
      "score": 65.45454545454547
    }
  ]
}