{
  "flags": [
    "low_confidence"
  ],
  "plate_candidates": [
    {
      "text": "9กพ529",
      "score": 2.35478963676844,
      "avg_conf": 0.58869740919211,
      "count": 4,
      "consensus_ratio": 0.6666666666666666
    },
    {
      "text": "9ก1529",
      "score": 0.43716665835251495,
      "avg_conf": 0.43716665835251495,
      "count": 1,
      "consensus_ratio": 0.16666666666666666
    },
    {
      "text": "9กพา529",
      "score": 0.18245839232925842,
      "avg_conf": 0.18245839232925842,
      "count": 1,
      "consensus_ratio": 0.16666666666666666
    }
  ],
  "province_candidates": [
    {
      "name": "กระบี่",
      "score": 77.14285714285715
    },
    {
      "name": "กรุงเทพมหานคร",
      "score": 65.45454545454547
    }
  ]
}