{
  "flags": [
    "low_confidence",
    "low_consensus",
    "tight_margin"
  ],
  "plate_candidates": [
    {
      "text": "ปว2544",
      "score": 2.7300999388063665,
      "avg_conf": 0.9037419983435239,
      "count": 3,
      "consensus_ratio": 0.5
    },
    {
      "text": "บว2544",
      "score": 2.610099938806367,
      "avg_conf": 0.8700333129354556,
      "count": 3,
      "consensus_ratio": 0.5
    },
    {
      "text": "1บว2544",
      "score": 2.2800999388063663,
      "avg_conf": 0.6400333129354555,
      "count": 3,
      "consensus_ratio": 0.5
    }
  ],
  "province_candidates": [
    {
      "name": "น่าน",
      "score": 90.0
    },
    {
      "name": "กระบี่",
      "score": 77.14285714285715
    }
  ]
}