{
  "flags": [
    "low_confidence",
    "confusable_chars"
  ],
  "plate_candidates": [
    {
      "text": "6ขฉ968",
      "score": 3.6485468925194366,
      "avg_conf": 0.7297093785038873,
      "count": 5,
      "consensus_ratio": 0.8333333333333334
    },
    {
      "text": "ฆฉ968",
      "score": 0.9874656063560101,
      "avg_conf": 0.9874656063560101,
      "count": 1,
      "consensus_ratio": 0.16666666666666666
    },
    {
      "text": "มฉ968",
      "score": 0.9774656063560101,
      "avg_conf": 0.9774656063560101,
      "count": 1,
      "consensus_ratio": 0.16666666666666666
    }
  ],
  "province_candidates": [
    {
      "name": "กรุงเทพมหานคร",
      "score": 100.0
    },
    {
      "name": "พระนครศรีอยุธยา",
      "score": 72.0
    }
  ]
}