{
  "flags": [
    "low_confidence",
    "low_consensus",
    "confusable_chars",
    "tight_margin"
  ],
  "plate_candidates": [
    {
      "text": "ฆฐ313",
      "score": 2.113332702702233,
      "avg_conf": 1.0,
      "count": 2,
      "consensus_ratio": 0.3333333333333333
    },
    {
      "text": "มฐ313",
      "score": 2.093332702702233,
      "avg_conf": 0.9993372570857091,
      "count": 2,
      "consensus_ratio": 0.3333333333333333
    },
    {
      "text": "ผฐ313",
      "score": 2.033332702702233,
      "avg_conf": 0.9843372570857091,
      "count": 2,
      "consensus_ratio": 0.3333333333333333
    }
  ],
  "province_candidates": [
    {
      "name": "กรุงเทพมหานคร",
      "score": 100.0
    },
    {
      "name": "พระนครศรีอยุธยา",
      "score": 72.0
    }
  ]
}