{
  "flags": [
    "low_confidence",
    "low_consensus",
    "confusable_chars",
    "tight_margin"
  ],
  "plate_candidates": [
    {
      "text": "ขฆ2800",
      "score": 2.955529198540114,
      "avg_conf": 0.9399865612005724,
      "count": 2,
      "consensus_ratio": 0.2857142857142857
    },
    {
      "text": "ฆข2800",
      "score": 2.955529198540114,
      "avg_conf": 0.9399865612005724,
      "count": 2,
      "consensus_ratio": 0.2857142857142857
    },
    {
      "text": "ขม2800",
      "score": 2.925529198540114,
      "avg_conf": 0.9366532278672391,
      "count": 2,
      "consensus_ratio": 0.2857142857142857
    }
  ],
  "province_candidates": [
    {
      "name": "กรุงเทพมหานคร",
      "score": 100.0
    }
  ]
}