{
  "flags": [
    "low_confidence"
  ],
  "plate_candidates": [
    {
      "text": "5กต2929",
      "score": 3.1993034665597886,
      "avg_conf": 0.6398606933119577,
      "count": 5,
      "consensus_ratio": 0.8333333333333334
    },
    {
      "text": "5ก2929",
      "score": 0.6659504726786475,
      "avg_conf": 0.6659504726786475,
      "count": 1,
      "consensus_ratio": 0.16666666666666666
    }
  ],
  "province_candidates": [
    {
      "name": "กรุงเทพมหานคร",
      "score": 81.81818181818181
    },
    {
      "name": "พระนครศรีอยุธยา",
      "score": 75.00000000000001
    }
  ]
}