{
  "flags": [
    "low_confidence",
    "low_consensus",
    "confusable_chars"
  ],
  "plate_candidates": [
    {
      "text": "5ขต9689",
      "score": 1.4982350147855859,
      "avg_conf": 0.4994116715951953,
      "count": 3,
      "consensus_ratio": 0.5
    },
    {
      "text": "5ชต9689",
      "score": 0.9090204162315387,
      "avg_conf": 0.45451020811576937,
      "count": 2,
      "consensus_ratio": 0.3333333333333333
    },
    {
      "text": "5ข9689",
      "score": 0.7712293939387832,
      "avg_conf": 0.7712293939387832,
      "count": 1,
      "consensus_ratio": 0.16666666666666666
    }
  ],
  "province_candidates": [
    {
      "name": "กรุงเทพมหานคร",
      "score": 72.0
    }
  ]
}