{
  "flags": [
    "low_confidence",
    "low_consensus",
    "tight_margin"
  ],
  "plate_candidates": [
    {
      "text": "9ก8212",
      "score": 0.8472923044104391,
      "avg_conf": 0.8472923044104391,
      "count": 1,
      "consensus_ratio": 0.16666666666666666
    },
    {
      "text": "9ก18212",
      "score": 0.7871344105533076,
      "avg_conf": 0.3935672052766538,
      "count": 2,
      "consensus_ratio": 0.3333333333333333
    },
    {
      "text": "908212",
      "score": 0.7505640820519018,
      "avg_conf": 0.7505640820519018,
      "count": 1,
      "consensus_ratio": 0.16666666666666666
    }
  ],
  "province_candidates": [
    {
      "name": "กาฬสินธุ์",
      "score": 90.0
    }
  ]
}