{
  "flags": [
    "low_confidence",
    "low_consensus",
    "tight_margin"
  ],
  "plate_candidates": [
    {
      "text": "1กฎ1725",
      "score": 0.9126820512589664,
      "avg_conf": 0.9126820512589664,
      "count": 1,
      "consensus_ratio": 0.16666666666666666
    },
    {
      "text": "เกฎ1725",
      "score": 0.8792761672102777,
      "avg_conf": 0.8792761672102777,
      "count": 1,
      "consensus_ratio": 0.16666666666666666
    },
    {
      "text": "1กก1725",
      "score": 0.6942996852320655,
      "avg_conf": 0.6942996852320655,
      "count": 1,
      "consensus_ratio": 0.16666666666666666
    }
  ],
  "province_candidates": [
    {
      "name": "กรุงเทพมหานคร",
      "score": 72.0
    },
    {
      "name": "กาญจนบุรี",
      "score": 60.00000000000001
    }
  ]
}