{
  "flags": [
    "low_confidence",
    "low_consensus"
  ],
  "plate_candidates": [
    {
      "text": "2กด1646",
      "score": 1.5605256475037828,
      "avg_conf": 0.5201752158345943,
      "count": 3,
      "consensus_ratio": 0.5
    },
    {
      "text": "2ก1646",
      "score": 0.9780718848441512,
      "avg_conf": 0.4890359424220756,
      "count": 2,
      "consensus_ratio": 0.3333333333333333
    },
    {
      "text": "2กต1646",
      "score": 0.5602355225674446,
      "avg_conf": 0.5602355225674446,
      "count": 1,
      "consensus_ratio": 0.16666666666666666
    }
  ],
  "province_candidates": [
    {
      "name": "กรุงเทพมหานคร",
      "score": 78.26086956521739
    },
    {
      "name": "พระนครศรีอยุธยา",
      "score": 72.0
    }
  ]
}