{
  "flags": [
    "low_confidence",
    "low_consensus",
    "confusable_chars",
    "tight_margin"
  ],
  "plate_candidates": [
    {
      "text": "3ขบ1988",
      "score": 1.5027426750104442,
      "avg_conf": 0.7513713375052221,
      "count": 2,
      "consensus_ratio": 0.3333333333333333
    },
    {
      "text": "3ข11988",
      "score": 1.3247261452591943,
      "avg_conf": 0.44157538175306477,
      "count": 3,
      "consensus_ratio": 0.5
    },
    {
      "text": "3011988",
      "score": 0.18356040297370446,
      "avg_conf": 0.18356040297370446,
      "count": 1,
      "consensus_ratio": 0.16666666666666666
    }
  ],
  "province_candidates": [
    {
      "name": "กรุงเทพมหานคร",
      "score": 100.0
    },
    {
      "name": "กระบี่",
      "score": 77.14285714285715
    }
  ]
}