{
  "flags": [
    "low_confidence",
    "low_consensus",
    "tight_margin"
  ],
  "plate_candidates": [
    {
      "text": "ญป3060",
      "score": 0.6147849645527665,
      "avg_conf": 0.6147849645527665,
      "count": 1,
      "consensus_ratio": 0.16666666666666666
    },
    {
      "text": "ญบ3060",
      "score": 0.5747849645527665,
      "avg_conf": 0.5747849645527665,
      "count": 1,
      "consensus_ratio": 0.16666666666666666
    },
    {
      "text": "1ญบ3060",
      "score": 0.4647849645527666,
      "avg_conf": 0.3447849645527666,
      "count": 1,
      "consensus_ratio": 0.16666666666666666
    }
  ],
  "province_candidates": [
    {
      "name": "น่าน",
      "score": 90.0
    },
    {
      "name": "สมุทรปราการ",
      "score": 72.0
    }
  ]
}