{
  "flags": [
    "low_confidence",
    "low_consensus"
  ],
  "plate_candidates": [
    {
      "text": "ชนคราา",
      "score": 0.13797696788765462,
      "avg_conf": 0.13797696788765462,
      "count": 1,
      "consensus_ratio": 0.16666666666666666
    },
    {
      "text": "เขม6รรา",
      "score": 0.11422312664724583,
      "avg_conf": 0.11422312664724583,
      "count": 1,
      "consensus_ratio": 0.16666666666666666
    },
    {
      "text": "ขนครรา",
      "score": 0.07795811945617144,
      "avg_conf": 0.07795811945617144,
      "count": 1,
      "consensus_ratio": 0.16666666666666666
    }
  ],
  "province_candidates": [
    {
      "name": "นครราชสีมา",
      "score": 81.81818181818181
    },
    {
      "name": "นครศรีธรรมราช",
      "score": 72.0
    }
  ]
}