{
  "flags": [
    "low_confidence",
    "low_consensus",
    "tight_margin"
  ],
  "plate_candidates": [
    {
      "text": "7กก5181",
      "score": 1.4821582739819017,
      "avg_conf": 0.7410791369909508,
      "count": 2,
      "consensus_ratio": 0.2857142857142857
    },
    {
      "text": "กก5181",
      "score": 1.2832888792578925,
      "avg_conf": 1.0,
      "count": 0,
      "consensus_ratio": 0.0
    },
    {
      "text": "1กก5181",
      "score": 1.1732888792578924,
      "avg_conf": 1.0,
      "count": 0,
      "consensus_ratio": 0.0
    }
  ],
  "province_candidates": [
    {
      "name": "กระบี่",
      "score": 77.14285714285715
    },
    {
      "name": "กรุงเทพมหานคร",
      "score": 75.00000000000001
    }
  ]
}