{
  "flags": [
    "low_confidence",
    "tight_margin"
  ],
  "plate_candidates": [
    {
      "text": "ศด5080",
      "score": 4.199206987021025,
      "avg_conf": 0.9949329743826507,
      "count": 4,
      "consensus_ratio": 0.6666666666666666
    },
    {
      "text": "สต5080",
      "score": 4.199206987021025,
      "avg_conf": 0.9949329743826507,
      "count": 4,
      "consensus_ratio": 0.6666666666666666
    },
    {
      "text": "ษต5080",
      "score": 4.199206987021025,
      "avg_conf": 0.9949329743826507,
      "count": 4,
      "consensus_ratio": 0.6666666666666666
    }
  ],
  "province_candidates": [
    {
      "name": "กรุงเทพมหานคร",
      "score": 100.0
    }
  ]
}