{
  "flags": [
    "low_confidence",
    "low_consensus",
    "confusable_chars"
  ],
  "plate_candidates": [
    {
      "text": "6ขก938",
      "score": 1.637086500462039,
      "avg_conf": 0.545695500154013,
      "count": 3,
      "consensus_ratio": 0.5
    },
    {
      "text": "6ขณ938",
      "score": 1.1778046753664466,
      "avg_conf": 0.5889023376832233,
      "count": 2,
      "consensus_ratio": 0.3333333333333333
    },
    {
      "text": "6ขญ938",
      "score": 0.4241010047118478,
      "avg_conf": 0.4241010047118478,
      "count": 1,
      "consensus_ratio": 0.16666666666666666
    }
  ],
  "province_candidates": [
    {
      "name": "กรุงเทพมหานคร",
      "score": 75.00000000000001
    },
    {
      "name": "พระนครศรีอยุธยา",
      "score": 72.0
    }
  ]
}