{
  "flags": [
    "low_confidence",
    "low_consensus"
  ],
  "plate_candidates": [
    {
      "text": "4กช1709",
      "score": 1.4576653854803476,
      "avg_conf": 0.4858884618267825,
      "count": 3,
      "consensus_ratio": 0.5
    },
    {
      "text": "4กช709",
      "score": 1.0233756487323296,
      "avg_conf": 1.0,
      "count": 1,
      "consensus_ratio": 0.16666666666666666
    },
    {
      "text": "4กข709",
      "score": 0.7685476666907173,
      "avg_conf": 0.7685476666907173,
      "count": 1,
      "consensus_ratio": 0.16666666666666666
    }
  ],
  "province_candidates": [
    {
      "name": "ประจวบคีรีขันธ์",
      "score": 67.5
    }
  ]
}