{
  "flags": [
    "low_confidence",
    "low_consensus",
    "confusable_chars"
  ],
  "plate_candidates": [
    {
      "text": "1ขข9402",
      "score": 1.6869252248130064,
      "avg_conf": 0.8434626124065032,
      "count": 2,
      "consensus_ratio": 0.3333333333333333
    },
    {
      "text": "1ขช9402",
      "score": 1.2607465725390183,
      "avg_conf": 0.6303732862695092,
      "count": 2,
      "consensus_ratio": 0.3333333333333333
    },
    {
      "text": "1ข29402",
      "score": 0.31090070709040496,
      "avg_conf": 0.15545035354520248,
      "count": 2,
      "consensus_ratio": 0.3333333333333333
    }
  ],
  "province_candidates": [
    {
      "name": "กรุงเทพมหานคร",
      "score": 100.0
    }
  ]
}