{
  "flags": [
    "low_confidence",
    "confusable_chars"
  ],
  "plate_candidates": [
    {
      "text": "4ขว5816",
      "score": 2.648704190663387,
      "avg_conf": 0.6621760476658467,
      "count": 4,
      "consensus_ratio": 0.6666666666666666
    },
    {
      "text": "ฆว5816",
      "score": 1.0575049737664048,
      "avg_conf": 1.0,
      "count": 1,
      "consensus_ratio": 0.16666666666666666
    },
    {
      "text": "มว5816",
      "score": 1.0475049737664048,
      "avg_conf": 1.0,
      "count": 1,
      "consensus_ratio": 0.16666666666666666
    }
  ],
  "province_candidates": [
    {
      "name": "กรุงเทพมหานคร",
      "score": 100.0
    },
    {
      "name": "กระบี่",
      "score": 77.14285714285715
    }
  ]
}