{
  "flags": [
    "low_confidence",
    "low_consensus",
    "confusable_chars",
    "tight_margin"
  ],
  "plate_candidates": [
    {
      "text": "6ข19886",
      "score": 1.1703162706068095,
      "avg_conf": 0.3901054235356032,
      "count": 3,
      "consensus_ratio": 0.5
    },
    {
      "text": "6ขบ9886",
      "score": 1.1300820625463146,
      "avg_conf": 0.5650410312731573,
      "count": 2,
      "consensus_ratio": 0.3333333333333333
    },
    {
      "text": "ฆบ9886",
      "score": 0.9475179752459675,
      "avg_conf": 0.9475179752459675,
      "count": 1,
      "consensus_ratio": 0.16666666666666666
    }
  ],
  "province_candidates": [
    {
      "name": "พระนครศรีอยุธยา",
      "score": 75.00000000000001
    },
    {
      "name": "กรุงเทพมหานคร",
      "score": 75.00000000000001
    }
  ]
}