{
  "flags": [
    "low_confidence",
    "confusable_chars"
  ],
  "plate_candidates": [
    {
      "text": "1ขน7547",
      "score": 3.515218762882964,
      "avg_conf": 0.7030437525765928,
      "count": 5,
      "consensus_ratio": 0.8333333333333334
    },
    {
      "text": "เขน7547",
      "score": 0.34375205313687374,
      "avg_conf": 0.34375205313687374,
      "count": 1,
      "consensus_ratio": 0.16666666666666666
    }
  ],
  "province_candidates": [
    {
      "name": "กรุงเทพมหานคร",
      "score": 83.33333333333334
    },
    {
      "name": "พระนครศรีอยุธยา",
      "score": 75.00000000000001
    },
    {
      "name": "กระบี่",
      "score": 67.5
    }
  ]
}