{
  "flags": [
    "confusable_chars"
  ],
  "plate_candidates": [
    {
      "text": "5ขจ163",
      "score": 3.944264818051812,
      "avg_conf": 0.7888529636103624,
      "count": 5,
      "consensus_ratio": 0.8333333333333334
    },
    {
      "text": "5ีขจะะ163",
      "score": 0.08518515536555397,
      "avg_conf": 0.08518515536555397,
      "count": 1,
      "consensus_ratio": 0.16666666666666666
    }
  ],
  "province_candidates": [
    {
      "name": "กรุงเทพมหานคร",
      "score": 81.81818181818181
    },
    {
      "name": "กระบี่",
      "score": 77.14285714285715
    },
    {
      "name": "พระนครศรีอยุธยา",
      "score": 75.00000000000001
    }
  ]
}