{
  "flags": [
    "low_confidence"
  ],
  "plate_candidates": [
    {
      "text": "6กบ5610",
      "score": 2.270109860044252,
      "avg_conf": 0.567527465011063,
      "count": 4,
      "consensus_ratio": 0.6666666666666666
    },
    {
      "text": "6ก15610",
      "score": 0.3062083899439044,
      "avg_conf": 0.3062083899439044,
      "count": 1,
      "consensus_ratio": 0.16666666666666666
    },
    {
      "text": "9ก5610",
      "score": 0.18415953488736608,
      "avg_conf": 0.18415953488736608,
      "count": 1,
      "consensus_ratio": 0.16666666666666666
    }
  ],
  "province_candidates": [
    {
      "name": "กรุงเทพมหานคร",
      "score": 75.00000000000001
    },
    {
      "name": "ลพบุรี",
      "score": 67.5
    }
  ]
}