{
  "flags": [
    "low_confidence",
    "low_consensus",
    "confusable_chars",
    "tight_margin"
  ],
  "plate_candidates": [
    {
      "text": "ฆก3821",
      "score": 2.2480707978030563,
      "avg_conf": 1.0,
      "count": 2,
      "consensus_ratio": 0.2857142857142857
    },
    {
      "text": "มก3821",
      "score": 2.2280707978030563,
      "avg_conf": 1.0,
      "count": 2,
      "consensus_ratio": 0.2857142857142857
    },
    {
      "text": "ผก3821",
      "score": 2.1680707978030562,
      "avg_conf": 1.0,
      "count": 2,
      "consensus_ratio": 0.2857142857142857
    }
  ],
  "province_candidates": [
    {
      "name": "กรุงเทพมหานคร",
      "score": 100.0
    },
    {
      "name": "อุดรธานี",
      "score": 72.0
    }
  ]
}