{
  "flags": [
    "low_confidence",
    "low_consensus"
  ],
  "plate_candidates": [
    {
      "text": "4ก2008",
      "score": 0.9241553115313724,
      "avg_conf": 0.9241553115313724,
      "count": 1,
      "consensus_ratio": 0.16666666666666666
    },
    {
      "text": "42ก2008",
      "score": 0.7627990332452823,
      "avg_conf": 0.38139951662264115,
      "count": 2,
      "consensus_ratio": 0.3333333333333333
    },
    {
      "text": "40ก2008",
      "score": 0.1049695874292156,
      "avg_conf": 0.1049695874292156,
      "count": 1,
      "consensus_ratio": 0.16666666666666666
    }
  ],
  "province_candidates": [
    {
      "name": "กรุงเทพมหานคร",
      "score": 100.0
    }
  ]
}