{
  "flags": [
    "low_confidence",
    "confusable_chars"
  ],
  "plate_candidates": [
    {
      "text": "3ขฏ4181",
      "score": 3.6251664669127113,
      "avg_conf": 0.7250332933825423,
      "count": 5,
      "consensus_ratio": 0.7142857142857143
    },
    {
      "text": "3ข4181",
      "score": 1.0937738939820072,
      "avg_conf": 1.0,
      "count": 1,
      "consensus_ratio": 0.14285714285714285
    },
    {
      "text": "3ขข181",
      "score": 0.9737738939820071,
      "avg_conf": 0.9137738939820069,
      "count": 1,
      "consensus_ratio": 0.14285714285714285
    }
  ],
  "province_candidates": [
    {
      "name": "กรุงเทพมหานคร",
      "score": 100.0
    },
    {
      "name": "สมุทรสาคร",
      "score": 70.58823529411764
    }
  ]
}