{
  "flags": [
    "low_confidence",
    "low_consensus",
    "tight_margin"
  ],
  "plate_candidates": [
    {
      "text": "ญ8697",
      "score": 1.8310199948401082,
      "avg_conf": 0.8801650400729917,
      "count": 2,
      "consensus_ratio": 0.3333333333333333
    },
    {
      "text": "1ญ8697",
      "score": 1.7310199948401082,
      "avg_conf": 0.7455099974200541,
      "count": 2,
      "consensus_ratio": 0.3333333333333333
    },
    {
      "text": "8697",
      "score": 0.42687264977023004,
      "avg_conf": 0.42687264977023004,
      "count": 1,
      "consensus_ratio": 0.16666666666666666
    }
  ],
  "province_candidates": [
    {
      "name": "ศรีสะเกษ",
      "score": 72.0
    }
  ]
}