{
  "flags": [
    "confusable_chars"
  ],
  "plate_candidates": [
    {
      "text": "4ขก253",
      "score": 3.4592956924093627,
      "avg_conf": 0.8434775446085319,
      "count": 4,
      "consensus_ratio": 0.6666666666666666
    },
    {
      "text": "ฆก253",
      "score": 0.8425643195212296,
      "avg_conf": 0.8425643195212296,
      "count": 1,
      "consensus_ratio": 0.16666666666666666
    },
    {
      "text": "มก253",
      "score": 0.8325643195212296,
      "avg_conf": 0.8325643195212296,
      "count": 1,
      "consensus_ratio": 0.16666666666666666
    }
  ],
  "province_candidates": [
    {
      "name": "สมุทรปราการ",
      "score": 66.66666666666667
    }
  ]
}