{
  "flags": [
    "low_confidence",
    "confusable_chars"
  ],
  "plate_candidates": [
    {
      "text": "3ขก8989",
      "score": 2.0563150081072075,
      "avg_conf": 0.5140787520268019,
      "count": 4,
      "consensus_ratio": 0.6666666666666666
    },
    {
      "text": "3ขณ8989",
      "score": 0.9337584493838578,
      "avg_conf": 0.4668792246919289,
      "count": 2,
      "consensus_ratio": 0.3333333333333333
    }
  ],
  "province_candidates": [
    {
      "name": "พระนครศรีอยุธยา",
      "score": 75.00000000000001
    },
    {
      "name": "กรุงเทพมหานคร",
      "score": 72.0
    }
  ]
}