{
  "flags": [
    "low_confidence",
    "low_consensus",
    "tight_margin"
  ],
  "plate_candidates": [
    {
      "text": "7ภศ881",
      "score": 0.4596677953115676,
      "avg_conf": 0.4596677953115676,
      "count": 1,
      "consensus_ratio": 0.16666666666666666
    },
    {
      "text": "7กศ881",
      "score": 0.40886482498411564,
      "avg_conf": 0.40886482498411564,
      "count": 1,
      "consensus_ratio": 0.16666666666666666
    },
    {
      "text": "7กศะ881",
      "score": 0.08859277863496569,
      "avg_conf": 0.08859277863496569,
      "count": 1,
      "consensus_ratio": 0.16666666666666666
    }
  ],
  "province_candidates": [
    {
      "name": "กรุงเทพมหานคร",
      "score": 100.0
    },
    {
      "name": "นนทบุรี",
      "score": 90.0
    }
  ]
}