{
  "flags": [
    "low_confidence",
    "low_consensus",
    "confusable_chars"
  ],
  "plate_candidates": [
    {
      "text": "5ข2321",
      "score": 2.3103826170839,
      "avg_conf": 0.7701275390279667,
      "count": 3,
      "consensus_ratio": 0.5
    },
    {
      "text": "5ข232",
      "score": 0.7193456453421705,
      "avg_conf": 0.7193456453421705,
      "count": 1,
      "consensus_ratio": 0.16666666666666666
    },
    {
      "text": "5ิข2321",
      "score": 0.28773849959131437,
      "avg_conf": 0.28773849959131437,
      "count": 1,
      "consensus_ratio": 0.16666666666666666
    }
  ],
  "province_candidates": [
    {
      "name": "กระบี่",
      "score": 90.0
    },
    {
      "name": "บึงกาฬ",
      "score": 67.5
    }
  ]
}