{
  "flags": [
    "low_confidence",
    "low_consensus",
    "tight_margin"
  ],
  "plate_candidates": [
    {
      "text": "ศล6069",
      "score": 2.447818358390472,
      "avg_conf": 0.8159394527968239,
      "count": 3,
      "consensus_ratio": 0.5
    },
    {
      "text": "ษล6069",
      "score": 2.447818358390472,
      "avg_conf": 0.8159394527968239,
      "count": 3,
      "consensus_ratio": 0.5
    },
    {
      "text": "สล6069",
      "score": 2.3278183583904717,
      "avg_conf": 0.7759394527968239,
      "count": 3,
      "consensus_ratio": 0.5
    }
  ],
  "province_candidates": [
    {
      "name": "สตูล",
      "score": 72.0
    },
    {
      "name": "ภูเก็ต",
      "score": 60.00000000000001
    }
  ]
}