{
  "flags": [
    "low_confidence",
    "confusable_chars"
  ],
  "plate_candidates": [
    {
      "text": "9กข6415",
      "score": 2.5693035506689528,
      "avg_conf": 0.6423258876672382,
      "count": 4,
      "consensus_ratio": 0.6666666666666666
    },
    {
      "text": "เ9กข6415",
      "score": 0.6951181955651702,
      "avg_conf": 0.3475590977825851,
      "count": 2,
      "consensus_ratio": 0.3333333333333333
    }
  ],
  "province_candidates": [
    {
      "name": "กรุงเทพมหานคร",
      "score": 100.0
    },
    {
      "name": "พระนครศรีอยุธยา",
      "score": 72.0
    },
    {
      "name": "สมุทรสาคร",
      "score": 69.23076923076923
    }
  ]
}