{
  "flags": [
    "low_confidence",
    "confusable_chars"
  ],
  "plate_candidates": [
    {
      "text": "3ขศ2231",
      "score": 3.2046249624881904,
      "avg_conf": 0.6409249924976381,
      "count": 5,
      "consensus_ratio": 0.8333333333333334
    },
    {
      "text": "30ศ2231",
      "score": 0.6443361121208585,
      "avg_conf": 0.6443361121208585,
      "count": 1,
      "consensus_ratio": 0.16666666666666666
    }
  ],
  "province_candidates": [
    {
      "name": "น่าน",
      "score": 90.0
    },
    {
      "name": "นนทบุรี",
      "score": 90.0
    },
    {
      "name": "กรุงเทพมหานคร",
      "score": 78.26086956521739
    }
  ]
}