{
  "flags": [
    "low_confidence",
    "low_consensus"
  ],
  "plate_candidates": [
    {
      "text": "6226935",
      "score": 0.5703632340681191,
      "avg_conf": 0.28518161703405953,
      "count": 2,
      "consensus_ratio": 0.3333333333333333
    },
    {
      "text": "6ข26935",
      "score": 0.22234886007469434,
      "avg_conf": 0.22234886007469434,
      "count": 1,
      "consensus_ratio": 0.16666666666666666
    },
    {
      "text": "6026935",
      "score": 0.1457375083459,
      "avg_conf": 0.1457375083459,
      "count": 1,
      "consensus_ratio": 0.16666666666666666
    }
  ],
  "province_candidates": [
    {
      "name": "กรุงเทพมหานคร",
      "score": 69.56521739130434
    },
    {
      "name": "น่าน",
      "score": 60.00000000000001
    }
  ]
}