{
  "flags": [
    "low_confidence",
    "low_consensus",
    "confusable_chars",
    "tight_margin"
  ],
  "plate_candidates": [
    {
      "text": "ผ9297",
      "score": 2.3144068899819086,
      "avg_conf": 0.7714689633273029,
      "count": 3,
      "consensus_ratio": 0.42857142857142855
    },
    {
      "text": "ม9297",
      "score": 2.3044068899819083,
      "avg_conf": 0.7681356299939694,
      "count": 3,
      "consensus_ratio": 0.42857142857142855
    },
    {
      "text": "ข9297",
      "score": 1.6225878019532822,
      "avg_conf": 0.8112939009766411,
      "count": 2,
      "consensus_ratio": 0.2857142857142857
    }
  ],
  "province_candidates": [
    {
      "name": "อุดรธานี",
      "score": 80.0
    }
  ]
}