{
  "flags": [
    "low_confidence",
    "low_consensus",
    "tight_margin"
  ],
  "plate_candidates": [
    {
      "text": "กป9558",
      "score": 0.9432644774373928,
      "avg_conf": 0.9432644774373928,
      "count": 1,
      "consensus_ratio": 0.16666666666666666
    },
    {
      "text": "กบ9558",
      "score": 0.9032644774373928,
      "avg_conf": 0.9032644774373928,
      "count": 1,
      "consensus_ratio": 0.16666666666666666
    },
    {
      "text": "1กบ9558",
      "score": 0.7932644774373928,
      "avg_conf": 0.6732644774373928,
      "count": 1,
      "consensus_ratio": 0.16666666666666666
    }
  ],
  "province_candidates": [
    {
      "name": "กรุงเทพมหานคร",
      "score": 100.0
    },
    {
      "name": "กระบี่",
      "score": 67.5
    }
  ]
}