{
  "flags": [
    "low_confidence",
    "low_consensus",
    "confusable_chars"
  ],
  "plate_candidates": [
    {
      "text": "5ขภ8219",
      "score": 2.5573859907221332,
      "avg_conf": 0.8519040912137719,
      "count": 3,
      "consensus_ratio": 0.42857142857142855
    },
    {
      "text": "5ภ8219",
      "score": 0.7577506537771418,
      "avg_conf": 0.7577506537771418,
      "count": 1,
      "consensus_ratio": 0.14285714285714285
    },
    {
      "text": "5ขก821ด",
      "score": 0.46316422572538635,
      "avg_conf": 0.46316422572538635,
      "count": 0,
      "consensus_ratio": 0.0
    }
  ],
  "province_candidates": [
    {
      "name": "กรุงเทพมหานคร",
      "score": 100.0
    },
    {
      "name": "พระนครศรีอยุธยา",
      "score": 72.0
    }
  ]
}