{
  "flags": [
    "low_confidence",
    "low_consensus"
  ],
  "plate_candidates": [
    {
      "text": "ก48994",
      "score": 0.4468677948842361,
      "avg_conf": 0.22343389744211806,
      "count": 2,
      "consensus_ratio": 0.3333333333333333
    },
    {
      "text": "ก28994",
      "score": 0.2209149077427599,
      "avg_conf": 0.11045745387137995,
      "count": 2,
      "consensus_ratio": 0.3333333333333333
    },
    {
      "text": "ก210994",
      "score": 0.17768004252572833,
      "avg_conf": 0.17768004252572833,
      "count": 1,
      "consensus_ratio": 0.16666666666666666
    }
  ],
  "province_candidates": []
}