{
  "flags": [
    "low_confidence",
    "low_consensus",
    "confusable_chars"
  ],
  "plate_candidates": [
    {
      "text": "6ขผ6921",
      "score": 1.699044237474483,
      "avg_conf": 0.566348079158161,
      "count": 3,
      "consensus_ratio": 0.5
    },
    {
      "text": "ฆผ6921",
      "score": 0.7794687490853974,
      "avg_conf": 0.7794687490853974,
      "count": 1,
      "consensus_ratio": 0.16666666666666666
    },
    {
      "text": "ขข6921",
      "score": 0.7394687490853975,
      "avg_conf": 0.7394687490853975,
      "count": 1,
      "consensus_ratio": 0.16666666666666666
    }
  ],
  "province_candidates": [
    {
      "name": "กรุงเทพมหานคร",
      "score": 81.81818181818181
    },
    {
      "name": "พระนครศรีอยุธยา",
      "score": 65.45454545454547
    }
  ]
}