{
  "flags": [
    "low_confidence"
  ],
  "plate_candidates": [
    {
      "text": "1ก52012",
      "score": 1.2868033707941706,
      "avg_conf": 0.32170084269854266,
      "count": 4,
      "consensus_ratio": 0.6666666666666666
    },
    {
      "text": "1กฐ2012",
      "score": 0.5063468539974559,
      "avg_conf": 0.5063468539974559,
      "count": 1,
      "consensus_ratio": 0.16666666666666666
    },
    {
      "text": "1ก52212",
      "score": 0.22133228790055576,
      "avg_conf": 0.22133228790055576,
      "count": 1,
      "consensus_ratio": 0.16666666666666666
    }
  ],
  "province_candidates": [
    {
      "name": "กระบี่",
      "score": 77.14285714285715
    },
    {
      "name": "พระนครศรีอยุธยา",
      "score": 72.0
    }
  ]
}