{
  "flags": [
    "low_confidence",
    "low_consensus",
    "confusable_chars"
  ],
  "plate_candidates": [
    {
      "text": "4ขฉ8806",
      "score": 1.9522888883332192,
      "avg_conf": 0.6507629627777397,
      "count": 3,
      "consensus_ratio": 0.5
    },
    {
      "text": "ฆฉ8806",
      "score": 0.9698720640492737,
      "avg_conf": 0.9698720640492737,
      "count": 1,
      "consensus_ratio": 0.16666666666666666
    },
    {
      "text": "มฉ8806",
      "score": 0.9598720640492737,
      "avg_conf": 0.9598720640492737,
      "count": 1,
      "consensus_ratio": 0.16666666666666666
    }
  ],
  "province_candidates": [
    {
      "name": "กรุงเทพมหานคร",
      "score": 81.81818181818181
    },
    {
      "name": "พระนครศรีอยุธยา",
      "score": 75.00000000000001
    }
  ]
}