{
  "flags": [
    "low_confidence"
  ],
  "plate_candidates": [
    {
      "text": "8กช6999",
      "score": 3.2447680530184786,
      "avg_conf": 0.6489536106036957,
      "count": 5,
      "consensus_ratio": 0.8333333333333334
    },
    {
      "text": "8กข6999",
      "score": 0.6516376811808369,
      "avg_conf": 0.6516376811808369,
      "count": 1,
      "consensus_ratio": 0.16666666666666666
    }
  ],
  "province_candidates": [
    {
      "name": "กรุงเทพมหานคร",
      "score": 100.0
    },
    {
      "name": "กระบี่",
      "score": 77.14285714285715
    }
  ]
}