{
  "flags": [
    "low_confidence",
    "low_consensus",
    "tight_margin"
  ],
  "plate_candidates": [
    {
      "text": "ญก6453",
      "score": 1.5102944630443698,
      "avg_conf": 0.7160332803669288,
      "count": 2,
      "consensus_ratio": 0.3333333333333333
    },
    {
      "text": "ญญ6453",
      "score": 1.3941373590274515,
      "avg_conf": 0.6970686795137258,
      "count": 2,
      "consensus_ratio": 0.3333333333333333
    },
    {
      "text": "1ญก6453",
      "score": 1.2902944630443698,
      "avg_conf": 0.5251472315221848,
      "count": 2,
      "consensus_ratio": 0.3333333333333333
    }
  ],
  "province_candidates": [
    {
      "name": "สุโขทัย",
      "score": 72.0
    },
    {
      "name": "กรุงเทพมหานคร",
      "score": 60.86956521739131
    }
  ]
}