{
  "flags": [
    "low_confidence",
    "confusable_chars"
  ],
  "plate_candidates": [
    {
      "text": "2ข12648",
      "score": 1.7192604770297704,
      "avg_conf": 0.4298151192574426,
      "count": 4,
      "consensus_ratio": 0.6666666666666666
    },
    {
      "text": "2ขท2648",
      "score": 0.5462347950829883,
      "avg_conf": 0.5462347950829883,
      "count": 1,
      "consensus_ratio": 0.16666666666666666
    },
    {
      "text": "2112648",
      "score": 0.19959017466572554,
      "avg_conf": 0.19959017466572554,
      "count": 1,
      "consensus_ratio": 0.16666666666666666
    }
  ],
  "province_candidates": [
    {
      "name": "กรุงเทพมหานคร",
      "score": 72.0
    }
  ]
}