{
  "flags": [
    "confusable_chars"
  ],
  "plate_candidates": [
    {
      "text": "2กศ1068",
      "score": 5.784454322539698,
      "avg_conf": 0.7898256254485256,
      "count": 6,
      "consensus_ratio": 0.8571428571428571
    },
    {
      "text": "221068",
      "score": 0.3801431978068642,
      "avg_conf": 0.3801431978068642,
      "count": 1,
      "consensus_ratio": 0.14285714285714285
    }
  ],
  "province_candidates": [
    {
      "name": "กรุงเทพมหานคร",
      "score": 80.0
    },
    {
      "name": "กระบี่",
      "score": 77.14285714285715
    },
    {
      "name": "อุดรธานี",
      "score": 72.0
    }
  ]
}