{
  "flags": [
    "low_confidence",
    "confusable_chars",
    "tight_margin"
  ],
  "plate_candidates": [
    {
      "text": "มญ2528",
      "score": 6.591320868813539,
      "avg_conf": 0.8606609711744228,
      "count": 6,
      "consensus_ratio": 0.8571428571428571
    },
    {
      "text": "ผญ2528",
      "score": 6.481320868813539,
      "avg_conf": 0.8620895426029941,
      "count": 6,
      "consensus_ratio": 0.8571428571428571
    },
    {
      "text": "ฆญ2528",
      "score": 5.212194465546609,
      "avg_conf": 0.9211000789908056,
      "count": 4,
      "consensus_ratio": 0.5714285714285714
    }
  ],
  "province_candidates": [
    {
      "name": "กรุงเทพมหานคร",
      "score": 100.0
    },
    {
      "name": "อุดรธานี",
      "score": 72.0
    }
  ]
}