{
  "flags": [
    "confusable_chars"
  ],
  "plate_candidates": [
    {
      "text": "3ขณ3760",
      "score": 3.881488144084929,
      "avg_conf": 0.7762976288169858,
      "count": 5,
      "consensus_ratio": 0.8333333333333334
    },
    {
      "text": "3223760",
      "score": 0.06175219074222017,
      "avg_conf": 0.06175219074222017,
      "count": 1,
      "consensus_ratio": 0.16666666666666666
    }
  ],
  "province_candidates": [
    {
      "name": "กรุงเทพมหานคร",
      "score": 100.0
    },
    {
      "name": "กระบี่",
      "score": 77.14285714285715
    }
  ]
}