{
  "flags": [
    "low_confidence",
    "confusable_chars"
  ],
  "plate_candidates": [
    {
      "text": "3ขณ286",
      "score": 2.605107048204697,
      "avg_conf": 0.6512767620511742,
      "count": 4,
      "consensus_ratio": 0.6666666666666666
    },
    {
      "text": "3ขก286",
      "score": 1.1101095954975826,
      "avg_conf": 0.5550547977487913,
      "count": 2,
      "consensus_ratio": 0.3333333333333333
    }
  ],
  "province_candidates": [
    {
      "name": "กรุงเทพมหานคร",
      "score": 100.0
    },
    {
      "name": "น่าน",
      "score": 90.0
    },
    {
      "name": "นนทบุรี",
      "score": 66.66666666666667
    }
  ]
}