{
  "flags": [
    "low_confidence",
    "confusable_chars"
  ],
  "plate_candidates": [
    {
      "text": "2ข13167",
      "score": 1.4836039692093022,
      "avg_conf": 0.37090099230232554,
      "count": 4,
      "consensus_ratio": 0.6666666666666666
    },
    {
      "text": "2ขห3167",
      "score": 0.4982189629182144,
      "avg_conf": 0.4982189629182144,
      "count": 1,
      "consensus_ratio": 0.16666666666666666
    },
    {
      "text": "213167",
      "score": 0.25768479264435556,
      "avg_conf": 0.25768479264435556,
      "count": 1,
      "consensus_ratio": 0.16666666666666666
    }
  ],
  "province_candidates": [
    {
      "name": "กรุงเทพมหานคร",
      "score": 100.0
    },
    {
      "name": "พระนครศรีอยุธยา",
      "score": 72.0
    }
  ]
}