{
  "flags": [
    "low_confidence",
    "low_consensus",
    "confusable_chars"
  ],
  "plate_candidates": [
    {
      "text": "9กข6658",
      "score": 0.6268334792334256,
      "avg_conf": 0.6268334792334256,
      "count": 1,
      "consensus_ratio": 0.16666666666666666
    },
    {
      "text": "90ข6658",
      "score": 0.29937057086098234,
      "avg_conf": 0.29937057086098234,
      "count": 1,
      "consensus_ratio": 0.16666666666666666
    },
    {
      "text": "0ก26658",
      "score": 0.2811104867969293,
      "avg_conf": 0.2811104867969293,
      "count": 1,
      "consensus_ratio": 0.16666666666666666
    }
  ],
  "province_candidates": [
    {
      "name": "กระบี่",
      "score": 77.14285714285715
    },
    {
      "name": "กรุงเทพมหานคร",
      "score": 72.0
    }
  ]
}