{
  "flags": [
    "low_confidence"
  ],
  "plate_candidates": [
    {
      "text": "2044848",
      "score": 1.4937591916832058,
      "avg_conf": 0.29875183833664115,
      "count": 5,
      "consensus_ratio": 0.8333333333333334
    },
    {
      "text": "20ผ4848",
      "score": 0.199206221598408,
      "avg_conf": 0.199206221598408,
      "count": 1,
      "consensus_ratio": 0.16666666666666666
    }
  ],
  "province_candidates": [
    {
      "name": "กรุงเทพมหานคร",
      "score": 100.0
    },
    {
      "name": "กระบี่",
      "score": 77.14285714285715
    },
    {
      "name": "พระนครศรีอยุธยา",
      "score": 72.0
    }
  ]
}