{
  "flags": [
    "low_confidence",
    "confusable_chars"
  ],
  "plate_candidates": [
    {
      "text": "7ขง3130",
      "score": 3.390321011606205,
      "avg_conf": 0.678064202321241,
      "count": 5,
      "consensus_ratio": 0.8333333333333334
    },
    {
      "text": "7ข3130",
      "score": 0.6974221659259494,
      "avg_conf": 0.6974221659259494,
      "count": 1,
      "consensus_ratio": 0.16666666666666666
    }
  ],
  "province_candidates": [
    {
      "name": "กรุงเทพมหานคร",
      "score": 100.0
    },
    {
      "name": "พระนครศรีอยุธยา",
      "score": 72.0
    }
  ]
}