{
  "flags": [
    "low_confidence",
    "low_consensus",
    "confusable_chars"
  ],
  "plate_candidates": [
    {
      "text": "1ขน9521",
      "score": 1.6939156290216328,
      "avg_conf": 0.564638543007211,
      "count": 3,
      "consensus_ratio": 0.5
    },
    {
      "text": "เ",
      "score": 0.25547433740017966,
      "avg_conf": 0.25547433740017966,
      "count": 1,
      "consensus_ratio": 0.16666666666666666
    },
    {
      "text": "1ขขน9521",
      "score": 0.13551965995658433,
      "avg_conf": 0.13551965995658433,
      "count": 1,
      "consensus_ratio": 0.16666666666666666
    }
  ],
  "province_candidates": [
    {
      "name": "กรุงเทพมหานคร",
      "score": 75.00000000000001
    },
    {
      "name": "อุดรธานี",
      "score": 72.0
    }
  ]
}