{
  "flags": [
    "low_confidence",
    "low_consensus",
    "tight_margin"
  ],
  "plate_candidates": [
    {
      "text": "สน5000",
      "score": 0.9078634535088514,
      "avg_conf": 0.9078634535088514,
      "count": 1,
      "consensus_ratio": 0.16666666666666666
    },
    {
      "text": "ษน5000",
      "score": 0.9078634535088514,
      "avg_conf": 0.9078634535088514,
      "count": 1,
      "consensus_ratio": 0.16666666666666666
    },
    {
      "text": "ศน5000",
      "score": 0.8678634535088515,
      "avg_conf": 0.8678634535088515,
      "count": 1,
      "consensus_ratio": 0.16666666666666666
    }
  ],
  "province_candidates": [
    {
      "name": "กรุงเทพมหานคร",
      "score": 100.0
    },
    {
      "name": "พระนครศรีอยุธยา",
      "score": 72.0
    }
  ]
}