{
  "flags": [
    "low_confidence",
    "tight_margin"
  ],
  "plate_candidates": [
    {
      "text": "กจ9556",
      "score": 5.793231346192051,
      "avg_conf": 0.9945742611409176,
      "count": 5,
      "consensus_ratio": 0.8333333333333334
    },
    {
      "text": "1กจ9556",
      "score": 5.24323134619205,
      "avg_conf": 0.9095827291037757,
      "count": 5,
      "consensus_ratio": 0.8333333333333334
    },
    {
      "text": "ก9556",
      "score": 0.8647160109682273,
      "avg_conf": 0.8647160109682273,
      "count": 1,
      "consensus_ratio": 0.16666666666666666
    }
  ],
  "province_candidates": [
    {
      "name": "ลำพูน",
      "score": 100.0
    }
  ]
}