{
  "flags": [
    "low_confidence",
    "confusable_chars"
  ],
  "plate_candidates": [
    {
      "text": "2ขฐ1845",
      "score": 2.894106086809425,
      "avg_conf": 0.7235265217023562,
      "count": 4,
      "consensus_ratio": 0.6666666666666666
    },
    {
      "text": "2251845",
      "score": 0.38680427384151744,
      "avg_conf": 0.19340213692075872,
      "count": 2,
      "consensus_ratio": 0.3333333333333333
    }
  ],
  "province_candidates": [
    {
      "name": "กระบี่",
      "score": 77.14285714285715
    },
    {
      "name": "กรุงเทพมหานคร",
      "score": 69.56521739130434
    },
    {
      "name": "บุรีรัมย์",
      "score": 67.5
    }
  ]
}