{
  "flags": [
    "low_confidence",
    "low_consensus"
  ],
  "plate_candidates": [
    {
      "text": "9กฎ400",
      "score": 1.8705226765414784,
      "avg_conf": 0.6235075588471595,
      "count": 3,
      "consensus_ratio": 0.5
    },
    {
      "text": "วกฎ400",
      "score": 0.5444062211032197,
      "avg_conf": 0.5444062211032197,
      "count": 1,
      "consensus_ratio": 0.16666666666666666
    },
    {
      "text": "9กฎ4001",
      "score": 0.5128979586444845,
      "avg_conf": 0.5128979586444845,
      "count": 1,
      "consensus_ratio": 0.16666666666666666
    }
  ],
  "province_candidates": []
}