{
  "flags": [
    "low_confidence",
    "low_consensus",
    "tight_margin"
  ],
  "plate_candidates": [
    {
      "text": "ศร5500",
      "score": 1.264325016544279,
      "avg_conf": 1.0,
      "count": 1,
      "consensus_ratio": 0.16666666666666666
    },
    {
      "text": "ษร5500",
      "score": 1.264325016544279,
      "avg_conf": 1.0,
      "count": 1,
      "consensus_ratio": 0.16666666666666666
    },
    {
      "text": "สร5500",
      "score": 1.224325016544279,
      "avg_conf": 1.0,
      "count": 1,
      "consensus_ratio": 0.16666666666666666
    }
  ],
  "province_candidates": [
    {
      "name": "กรุงเทพมหานคร",
      "score": 66.66666666666667
    }
  ]
}