{
  "flags": [
    "low_confidence",
    "low_consensus"
  ],
  "plate_candidates": [
    {
      "text": "2อ884",
      "score": 0.9088312519860221,
      "avg_conf": 0.9088312519860221,
      "count": 1,
      "consensus_ratio": 0.16666666666666666
    },
    {
      "text": "2อ1884",
      "score": 0.6189795422695213,
      "avg_conf": 0.6189795422695213,
      "count": 1,
      "consensus_ratio": 0.16666666666666666
    },
    {
      "text": "2ณอ884",
      "score": 0.31871692466048307,
      "avg_conf": 0.31871692466048307,
      "count": 1,
      "consensus_ratio": 0.16666666666666666
    }
  ],
  "province_candidates": [
    {
      "name": "พะเยา",
      "score": 82.0
    },
    {
      "name": "กรุงเทพมหานคร",
      "score": 73.6842105263158
    }
  ]
}