{
  "flags": [
    "low_confidence",
    "low_consensus",
    "confusable_chars"
  ],
  "plate_candidates": [
    {
      "text": "1ขด1009",
      "score": 1.0312325489515857,
      "avg_conf": 0.5156162744757928,
      "count": 2,
      "consensus_ratio": 0.3333333333333333
    },
    {
      "text": "1บ1009",
      "score": 0.49331414367025134,
      "avg_conf": 0.49331414367025134,
      "count": 1,
      "consensus_ratio": 0.16666666666666666
    },
    {
      "text": "1ข1009",
      "score": 0.46322154941816135,
      "avg_conf": 0.46322154941816135,
      "count": 1,
      "consensus_ratio": 0.16666666666666666
    }
  ],
  "province_candidates": [
    {
      "name": "น่าน",
      "score": 90.0
    }
  ]
}