{
  "flags": [
    "low_confidence",
    "low_consensus",
    "confusable_chars"
  ],
  "plate_candidates": [
    {
      "text": "4ขศ5116",
      "score": 2.7316087549330597,
      "avg_conf": 0.8470564658453211,
      "count": 2,
      "consensus_ratio": 0.2857142857142857
    },
    {
      "text": "ฆศ5116",
      "score": 0.6215254117981962,
      "avg_conf": 0.6215254117981962,
      "count": 1,
      "consensus_ratio": 0.14285714285714285
    },
    {
      "text": "4ขศ516",
      "score": 0.5859722854337558,
      "avg_conf": 0.5859722854337558,
      "count": 1,
      "consensus_ratio": 0.14285714285714285
    }
  ],
  "province_candidates": [
    {
      "name": "กรุงเทพมหานคร",
      "score": 100.0
    }
  ]
}