{
  "flags": [
    "low_confidence",
    "low_consensus",
    "tight_margin"
  ],
  "plate_candidates": [
    {
      "text": "ศร5717",
      "score": 0.7717790679691858,
      "avg_conf": 0.7717790679691858,
      "count": 1,
      "consensus_ratio": 0.16666666666666666
    },
    {
      "text": "ษร5717",
      "score": 0.7717790679691858,
      "avg_conf": 0.7717790679691858,
      "count": 1,
      "consensus_ratio": 0.16666666666666666
    },
    {
      "text": "สร5717",
      "score": 0.7317790679691858,
      "avg_conf": 0.7317790679691858,
      "count": 1,
      "consensus_ratio": 0.16666666666666666
    }
  ],
  "province_candidates": []
}