{
  "flags": [
    "low_confidence"
  ],
  "plate_candidates": [
    {
      "text": "6ก19591",
      "score": 1.7471918315582788,
      "avg_conf": 0.34943836631165576,
      "count": 5,
      "consensus_ratio": 0.8333333333333334
    },
    {
      "text": "6019591",
      "score": 0.28316304105927886,
      "avg_conf": 0.28316304105927886,
      "count": 1,
      "consensus_ratio": 0.16666666666666666
    }
  ],
  "province_candidates": [
    {
      "name": "กาฬสินธุ์",
      "score": 77.33333333333333
    },
    {
      "name": "กระบี่",
      "score": 77.14285714285715
    },
    {
      "name": "จันทบุรี",
      "score": 72.0
    }
  ]
}