{
  "flags": [
    "low_confidence",
    "confusable_chars"
  ],
  "plate_candidates": [
    {
      "text": "6ขส5865",
      "score": 2.6943389101422,
      "avg_conf": 0.67358472753555,
      "count": 4,
      "consensus_ratio": 0.6666666666666666
    },
    {
      "text": "ฆส5865",
      "score": 1.0614303859882823,
      "avg_conf": 1.0,
      "count": 1,
      "consensus_ratio": 0.16666666666666666
    },
    {
      "text": "ขศ5865",
      "score": 1.0214303859882823,
      "avg_conf": 1.0,
      "count": 1,
      "consensus_ratio": 0.16666666666666666
    }
  ],
  "province_candidates": [
    {
      "name": "กรุงเทพมหานคร",
      "score": 81.81818181818181
    },
    {
      "name": "พระนครศรีอยุธยา",
      "score": 72.0
    }
  ]
}